# Program:featureCounts v2.0.3; Command:"featureCounts" "-T" "32" "-d" "38" "-M" "-a" "genome_annotation.gtf" "-o" "countMatrixIntermediate.tsv" "16N_hisat2.sam" "18N_hisat2.sam" "19N_hisat2.sam" "16T_hisat2.sam" "18T_hisat2.sam" "19T_hisat2.sam"
Geneid	16N	18N	19N	16T	18T	19T
DDX11L1	2	0	0	2	3	1
WASH7P	121	124	107	158	204	201
MIR6859-1	1	1	0	0	2	2
MIR1302-2HG	0	1	0	0	0	1
MIR1302-2	0	0	0	0	0	0
FAM138A	0	0	0	2	0	0
OR4F5	0	0	0	0	0	0
LOC100996442	21	20	12	32	52	28
LOC729737	22	23	18	64	74	44
LOC102725121	2	0	0	0	2	1
LOC102723897	133	152	126	154	219	214
MIR6859-2	1	2	1	0	1	2
LOC107985721	1	1	0	1	0	1
LOC112268260	26	39	34	6	18	8
OR4F29	0	0	0	0	0	0
LOC100132287	15	12	11	56	63	37
LOC105378947	5	9	11	0	2	2
LOC101928626	0	1	1	0	3	1
OR4F16	1	1	0	3	6	5
LOC100133331	24	19	14	63	49	35
LOC107984841	9	6	4	10	8	14
LOC107984847	9	2	3	12	13	8
LOC107984849	2	7	2	4	5	5
LOC100288069	13	6	4	34	23	29
LOC105378580	22	10	14	23	62	25
FAM87B	2	5	0	4	4	4
LINC00115	5	3	9	4	10	7
LINC01128	24	24	13	57	59	87
LOC107984850	0	0	0	0	0	0
FAM41C	5	1	8	5	4	4
LOC284600	0	0	0	1	2	1
LINC02593	3	6	5	0	0	0
LOC107985728	12	4	3	0	1	2
SAMD11	8	8	5	0	2	3
NOC2L	84	121	62	156	177	418
KLHL17	10	16	21	17	14	6
PLEKHN1	98	91	79	22	21	20
PERM1	4	4	1	2	0	0
HES4	37	81	52	69	72	59
ISG15	43	101	38	263	339	1050
AGRN	64	97	52	335	472	1449
LOC100288175	1	2	0	0	1	1
LOC112267874	29	33	33	1	2	1
LOC105378948	65	76	64	1	7	4
RNF223	89	236	306	8	10	15
C1orf159	41	26	29	36	37	58
LINC01342	0	0	0	0	1	0
MIR200B	0	0	0	0	1	0
MIR200A	0	0	1	0	0	0
MIR429	0	2	1	0	0	0
TTLL10-AS1	1	0	0	0	1	0
TTLL10	2	3	0	6	1	1
TNFRSF18	3	7	7	103	43	124
TNFRSF4	0	1	0	10	8	15
SDF4	10	3	0	66	27	108
B3GALT6	19	19	14	63	48	41
C1QTNF12	1	2	0	18	6	38
UBE2J2	203	177	138	213	247	269
LINC01786	0	0	0	0	0	1
SCNN1D	5	17	4	6	8	17
ACAP3	100	92	68	53	91	133
MIR6726	0	1	0	0	0	0
SNORD167	0	0	0	0	0	0
PUSL1	134	102	102	46	52	49
INTS11	221	220	161	175	219	406
MIR6727	0	1	0	1	0	1
CPTP	130	145	155	51	62	75
TAS1R3	24	73	98	8	30	1
DVL1	200	233	210	120	168	273
MIR6808	0	0	0	0	0	0
MXRA8	51	27	58	229	115	270
AURKAIP1	275	272	272	232	290	412
CCNL2	128	157	90	273	218	232
MRPL20-AS1	28	31	13	45	31	48
MRPL20	280	194	131	268	289	355
LOC107984868	1	2	1	1	9	3
ANKRD65	41	37	27	54	121	25
LOC105378585	4	4	2	6	7	0
TMEM88B	0	1	0	0	2	2
LINC01770	4	9	2	3	3	4
LOC107985729	0	0	0	0	2	2
VWA1	100	157	92	165	111	139
ATAD3C	13	9	18	58	23	17
ATAD3B	20	40	17	52	77	105
ATAD3A	32	30	18	75	62	127
TMEM240	3	0	1	3	0	4
SSU72	192	209	163	142	287	311
FNDC10	71	31	23	41	50	66
LOC105378586	0	0	0	0	1	1
MIB2	136	90	71	51	177	183
MMP23B	1	2	2	15	13	32
CDK11B	4	14	5	30	17	46
SLC35E2B	66	56	49	89	115	147
MMP23A	0	1	2	10	12	29
CDK11A	4	9	5	16	12	37
SLC35E2A	40	39	41	55	97	131
LOC112268218	0	0	0	0	0	0
NADK	31	41	23	71	89	200
GNB1	1069	796	705	1767	1831	2632
LOC105378949	2	1	0	2	2	2
CALML6	0	0	0	0	0	1
TMEM52	8	4	2	4	6	3
CFAP74	0	0	0	1	0	1
LOC107984872	0	0	0	0	0	3
LOC105378589	0	0	1	0	2	2
GABRD	1	1	0	1	1	15
LOC105378590	0	0	0	0	0	0
LOC105378591	0	0	0	0	0	1
PRKCZ	84	86	87	64	71	101
PRKCZ-AS1	1	2	0	1	1	2
FAAP20	35	23	19	70	71	54
LOC112268219	6	4	7	4	9	15
LOC105378593	0	0	0	0	0	0
LOC105378592	1	0	1	1	1	1
SKI	77	40	25	150	104	196
MORN1	10	5	6	7	18	32
LOC100129534	0	1	0	5	0	4
RER1	627	477	393	274	301	471
PEX10	75	74	71	64	105	109
PLCH2	18	21	6	17	64	28
PANK4	49	41	31	75	95	107
HES5	12	6	8	4	74	26
TNFRSF14-AS1	1	1	2	3	3	23
TNFRSF14	57	45	32	65	33	153
LOC100996583	0	1	0	0	1	0
PRXL2B	26	17	15	33	62	165
MMEL1	41	10	31	2	3	1
LOC105378597	0	0	0	0	0	0
TTC34	1	1	0	0	4	2
LOC105378603	0	0	0	0	0	0
LOC105378602	0	0	0	0	0	0
LOC105378601	0	0	0	0	0	0
LOC112268220	0	0	0	0	0	0
LOC107985732	0	0	0	0	0	0
LOC105378600	0	0	0	0	0	0
LOC105378598	0	2	4	0	0	1
LOC107984904	0	0	0	0	0	0
LOC105378599	0	0	0	0	0	0
ACTRT2	0	0	0	0	0	0
LINC00982	0	0	0	0	1	2
PRDM16	0	0	1	0	4	0
MIR4251	0	0	0	0	0	0
LOC105378606	0	0	0	0	0	0
LOC107984909	0	0	1	0	0	0
LOC105378605	0	0	0	0	0	1
LOC105378604	1	0	0	2	2	1
ARHGEF16	37	49	47	45	99	107
MEGF6	39	49	28	59	173	132
LOC105378608	0	0	0	2	0	2
MIR551A	0	0	0	0	0	0
LOC105378607	0	0	0	0	0	0
TPRG1L	874	676	668	288	703	637
WRAP73	55	43	22	100	101	186
TP73	18	15	7	33	22	87
LOC105378610	0	0	0	0	0	0
LOC105378609	0	0	0	0	0	0
TP73-AS1	11	5	1	42	45	44
CCDC27	0	0	0	0	0	1
SMIM1	2	1	0	1	0	0
LRRC47	111	57	55	97	127	213
CEP104	24	24	18	89	86	198
DFFB	1	6	2	5	11	25
LOC107984910	0	0	0	1	0	0
C1orf174	136	78	53	156	264	197
LINC01134	0	0	1	1	1	1
LINC01346	0	0	0	0	0	0
LINC01345	0	0	0	0	0	0
LOC105376673	0	0	0	0	0	0
LINC01777	0	0	0	0	0	0
LOC105376674	0	0	0	0	0	0
LINC01646	0	0	0	0	0	0
LOC107985376	0	0	0	0	0	0
AJAP1	2	7	2	7	3	4
LOC105376680	0	0	0	0	0	0
LOC102724429	0	0	0	0	0	0
LOC105376681	0	0	0	0	0	0
LOC105376682	0	0	0	0	0	0
LOC107984911	0	0	0	0	0	0
LOC105376686	0	0	0	0	0	0
MIR4689	0	0	0	0	0	0
NPHP4	13	8	7	34	62	68
KCNAB2	28	17	13	51	140	347
CHD5	0	1	0	0	2	1
LOC105376687	0	0	0	0	0	0
RPL22	1847	1273	1201	1625	2038	1843
LOC107985733	0	0	1	0	0	0
LOC102724450	0	0	1	0	2	0
RNF207	2	3	5	12	19	17
ICMT	363	459	362	458	498	868
LINC00337	0	0	1	3	0	9
HES3	0	0	0	0	0	0
GPR153	22	27	16	65	428	144
ACOT7	12	13	8	36	81	234
HES2	121	66	56	62	190	178
ESPN	45	21	11	80	93	121
MIR4252	0	0	0	0	0	0
TNFRSF25	11	2	0	16	6	16
PLEKHG5	119	105	49	96	69	92
NOL9	74	45	31	173	200	383
TAS1R1	0	0	1	1	2	0
LOC107984912	0	0	0	0	0	0
ZBTB48	22	17	17	28	41	45
KLHL21	290	195	212	218	424	307
LOC107984913	1	1	2	0	3	2
PHF13	36	83	67	67	77	129
THAP3	25	25	16	25	59	53
DNAJC11	41	49	33	104	124	147
LINC01672	0	0	0	0	0	0
CAMTA1-DT	0	0	0	1	1	0
CAMTA1	66	57	38	183	129	148
LOC105376692	0	0	0	0	0	0
LOC102725193	0	0	0	0	0	0
LOC101928836	0	0	1	0	0	0
LOC105376691	0	0	0	0	0	0
LOC105376689	0	2	1	3	2	1
VAMP3	1127	943	790	666	857	1158
PER3	20	92	39	36	115	119
UTS2	0	2	3	0	11	10
TNFRSF9	1	0	1	16	11	72
PARK7	38	18	15	105	128	183
ERRFI1	36	62	61	279	139	269
LOC107984915	0	0	0	0	1	1
LINC01714	0	0	0	1	0	1
LOC105376695	0	0	0	0	1	0
SLC45A1	0	0	0	2	0	2
RERE	100	127	48	198	162	187
RERE-AS1	0	1	0	2	1	2
SNORD128	1	1	0	1	0	6
ENO1	5569	4813	2950	9755	5270	13187
MIR6728	0	0	0	0	0	0
ENO1-AS1	2	0	0	1	2	1
LOC112268261	2	1	0	3	4	7
CA6	0	2	0	0	1	0
SLC2A7	0	0	0	0	0	0
SLC2A5	41	18	23	51	27	203
GPR157	319	253	169	54	79	79
LOC107984916	0	0	0	0	0	0
MIR34AHG	6	12	13	9	25	24
MIR34A	0	0	0	0	0	0
LNCTAM34A	4	6	3	6	14	5
H6PD	75	71	26	180	160	276
SPSB1	256	174	126	527	323	498
LINC02606	1	2	0	2	3	6
SLC25A33	69	31	20	182	52	118
TMEM201	10	7	3	34	35	74
LOC107985734	1	1	0	0	0	1
LOC105376712	0	0	0	0	0	0
PIK3CD	34	16	7	74	100	168
PIK3CD-AS1	0	0	0	0	0	1
PIK3CD-AS2	0	0	0	10	2	2
CLSTN1	561	346	156	2037	1235	3930
CTNNBIP1	462	383	290	150	127	239
LOC105376717	0	0	0	0	0	0
LZIC	235	141	116	236	316	379
NMNAT1	75	59	40	40	70	86
TMEM274P	0	0	0	0	1	0
MIR5697	0	0	0	0	0	0
RBP7	146	110	144	98	38	10
UBE4B	332	215	131	437	422	638
KIF1B	643	671	502	653	662	1004
LOC105376725	0	1	0	2	1	3
PGD	9933	5363	4287	6078	2126	1715
CENPS-CORT	0	0	0	0	0	2
CENPS	1	0	2	6	6	13
CORT	0	0	0	0	0	1
DFFA	133	126	75	295	252	400
PEX14	16	15	6	35	33	42
CASZ1	81	89	79	111	89	187
LOC105376733	0	0	0	0	0	0
LOC105376735	0	0	0	4	2	5
C1orf127	0	0	0	0	0	2
TARDBP	482	445	265	983	1357	1084
MASP2	2	2	1	7	3	2
SRM	21	18	9	85	48	101
EXOSC10	94	96	27	170	253	404
EXOSC10-AS1	0	0	1	0	2	0
MTOR	121	119	53	275	285	781
MTOR-AS1	0	0	0	1	2	1
ANGPTL7	1	0	1	4	2	6
UBIAD1	85	39	44	88	109	203
LOC105376737	0	1	1	3	5	0
LOC105376739	0	0	0	0	0	0
LOC105376740	0	1	0	1	0	0
DISP3	0	0	0	0	1	0
LOC112268221	0	0	0	0	0	0
LINC01647	0	0	0	0	1	0
FBXO2	6	0	2	4	2	0
FBXO44	31	12	11	65	42	36
FBXO6	69	50	32	76	57	101
MAD2L2	42	28	18	160	105	246
DRAXIN	1	2	0	7	4	8
AGTRAP	110	90	34	136	153	285
C1orf167	0	0	0	0	0	0
LOC102724659	0	0	0	0	0	1
MTHFR	55	84	34	72	57	109
CLCN6	2	9	5	33	26	44
NPPA-AS1	0	0	0	1	0	0
NPPA	0	0	0	1	0	0
NPPB	0	0	0	0	0	0
RNU5E-1	1535	6982	22754	47713	3783	273808
KIAA2013	393	228	167	394	393	563
PLOD1	99	85	45	687	476	934
MFN2	833	713	456	796	1648	2464
MIIP	13	7	5	25	21	42
MIR6729	0	0	0	0	0	0
TNFRSF8	0	1	0	2	0	13
MIR7846	0	0	0	0	0	0
TNFRSF1B	33	19	14	66	82	321
MIR4632	0	0	0	0	0	0
LOC107984917	0	0	0	0	0	0
VPS13D	1243	1240	442	871	1248	1572
SNORA59A	398	108	146	79	136	124
LOC105376744	1	3	0	0	2	3
DHRS3	294	237	184	106	376	125
MIR6730	0	0	0	0	0	0
AADACL4	0	0	1	0	0	0
AADACL3	0	0	0	0	0	0
C1orf158	1	0	0	0	0	0
PRAMEF12	0	0	0	0	0	0
PRAMEF1	0	0	0	0	0	0
LINC01784	0	0	0	0	0	0
PRAMEF11	0	0	0	0	0	0
HNRNPCL1	51	47	43	113	174	124
PRAMEF2	0	0	0	0	0	0
PRAMEF4	0	0	0	0	0	0
PRAMEF10	0	0	0	0	0	0
PRAMEF7	0	0	0	0	0	0
PRAMEF6	0	0	0	0	0	0
PRAMEF27	0	0	0	0	0	0
HNRNPCL3	10	13	9	26	41	38
PRAMEF25	0	0	0	0	0	0
PRAMEF34P	0	0	0	0	0	0
HNRNPCL2	29	27	17	66	119	53
PRAMEF36P	0	0	0	0	0	0
PRAMEF26	0	0	0	0	0	0
HNRNPCL4	11	13	9	22	43	32
PRAMEF9	0	0	0	0	0	0
PRAMEF13	0	0	0	0	0	0
PRAMEF18	0	0	0	0	0	0
PRAMEF5	0	0	0	0	0	0
PRAMEF8	0	0	0	0	0	0
PRAMEF33	0	0	0	0	0	0
PRAMEF15	0	0	0	0	0	0
PRAMEF14	0	0	0	0	0	0
PRAMEF19	0	0	0	0	0	0
PRAMEF17	0	0	0	0	0	0
PRAMEF20	0	0	0	0	0	0
LRRC38	0	0	0	16	0	15
LOC102724856	0	0	0	0	0	0
LOC107984918	0	0	0	0	0	0
PDPN	26	12	1	532	210	443
LOC107984919	0	0	0	0	1	1
LOC105378612	0	0	0	0	1	2
LOC105376756	0	0	0	0	0	0
PRDM2	136	168	115	214	194	260
KAZN	214	385	304	57	133	100
LOC107985467	0	3	0	22	10	3
LOC107985468	0	0	0	1	3	1
KAZN-AS1	0	0	0	1	1	0
LOC105376759	0	0	0	5	2	2
LOC107985469	3	0	4	4	3	0
TMEM51-AS1	6	1	5	0	2	2
TMEM51	91	88	72	31	109	227
C1orf195	2	2	0	1	7	2
FHAD1	0	1	0	3	10	11
LOC101927417	0	0	0	1	4	1
LOC101927441	0	0	0	0	7	1
EFHD2	100	117	78	114	198	339
CTRC	0	0	0	3	2	2
CELA2A	0	2	0	0	1	0
LOC105376767	1	1	0	0	1	0
CELA2B	1	1	1	0	1	0
CASP9	89	132	62	79	93	73
DNAJC16	48	43	25	102	149	199
SCARNA21B	6	4	5	7	7	21
AGMAT	3	12	3	24	53	24
DDI2	177	256	128	215	254	346
RSC1A1	0	2	0	0	1	0
PLEKHM2	278	329	259	242	311	561
SLC25A34	3	0	1	6	2	5
SLC25A34-AS1	0	0	0	0	0	0
TMEM82	0	0	0	0	0	0
FBLIM1	29	40	20	165	192	258
UQCRHL	275	225	216	277	628	272
FLJ37453	2	2	7	6	14	18
SPEN	45	66	23	227	248	496
ZBTB17	58	41	43	66	82	123
SRARP	0	0	0	0	0	0
HSPB7	2	0	0	13	32	7
CLCNKA	0	0	0	1	0	0
CLCNKB	0	0	0	2	0	0
FAM131C	15	9	3	19	2	25
EPHA2	1042	1930	1167	378	402	579
LOC101927479	24	43	63	6	6	6
ARHGEF19	120	75	51	115	85	189
ANO7L1	218	186	225	13	21	30
CPLANE2	6	6	2	8	6	9
FBXO42	96	158	133	117	136	242
SZRD1	141	169	122	159	162	268
SPATA21	1	2	0	3	1	1
NECAP2	348	269	208	225	266	517
LINC01772	2	1	0	8	8	4
CROCCP3	2	6	0	13	14	10
RNU1-1	593481	306933	276866	667431	503963	669445
TRNAN-GUU	1	5	6	1	2	8
LINC01783	0	5	0	1	2	0
TRNAE-UUC	0	0	0	0	0	0
TRNAG1	23	158	102	148	57	178
NBPF1	186	206	112	374	474	398
LOC105376794	3	0	5	20	18	15
CROCCP2	2	0	2	11	2	5
MST1P2	5	5	4	26	13	9
LOC107985736	0	0	0	3	13	5
RNU1-3	590215	306099	277309	664559	502380	667585
TRNAG-CCC	0	0	2	0	0	10
ESPNP	1	0	2	4	4	15
TRG-CCC5-1	2	28	45	16	5	90
RNU1-4	598012	311192	281764	677220	512436	682181
MST1L	12	5	3	20	18	13
MIR3675	0	0	0	0	0	0
TRG-CCC1-2	22	156	99	140	54	211
LOC112267871	0	2	0	4	1	0
TRE-TTC3-1	0	0	0	0	0	0
TRN-GTT13-1	0	0	0	0	0	0
LOC105376805	12	21	8	29	39	22
TRN-GTT4-1	1	4	14	0	0	36
RNU1-2	596919	310171	280667	677398	510053	678719
CROCC	4	5	6	27	91	29
MFAP2	1	0	0	61	43	83
LOC105376806	0	0	0	0	0	0
ATP13A2	200	142	227	262	218	343
SDHB	284	275	202	358	424	605
PADI2	5	10	5	33	13	47
LOC105376808	0	3	1	0	0	0
LOC400743	0	0	0	0	0	0
PADI1	1765	3347	1979	21	129	2
PADI3	60	147	163	27	148	542
MIR3972	0	0	0	0	0	0
PADI4	0	1	0	1	1	1
PADI6	0	0	0	0	0	0
RCC2	161	178	107	592	651	1964
ARHGEF10L	382	467	357	58	66	168
LOC107984028	0	0	0	0	0	0
ACTL8	0	0	0	0	6	2
LOC105376809	0	0	0	0	0	0
LOC105376812	0	0	0	0	0	0
LINC01654	0	0	0	0	0	0
IGSF21	0	0	0	4	2	4
IGSF21-AS1	0	0	0	0	0	0
KLHDC7A	46	30	39	6	11	5
PAX7	0	0	0	0	0	0
TAS1R2	0	0	0	0	1	0
ALDH4A1	387	270	172	148	235	273
MIR4695	0	0	0	0	0	0
MIR1290	0	0	0	0	0	0
IFFO2	373	198	143	489	505	532
LOC105376815	1	0	0	0	0	1
UBR4	668	758	363	1570	1914	3103
EMC1-AS1	0	1	0	3	1	1
EMC1	68	68	31	247	298	677
MRTO4	70	70	42	140	208	301
AKR7L	26	27	21	24	18	36
AKR7A3	18	25	29	18	17	36
LOC100506730	6	7	2	11	9	16
AKR7A2	545	322	307	247	233	482
PQLC2	30	18	21	47	59	80
CAPZB	1685	1278	964	1053	1079	1763
LOC105376819	0	0	0	0	0	0
LOC105376818	0	0	0	0	0	0
LOC105376817	0	0	0	0	0	0
LOC105378614	0	0	0	0	0	0
MICOS10-NBL1	0	0	0	0	0	0
MICOS10	18	16	8	26	36	76
RPS14P3	116	167	134	145	168	131
NBL1	8	7	4	7	12	18
HTR6	0	1	2	0	0	0
TMCO4	126	207	131	22	22	117
RNF186	0	0	0	0	0	0
LOC105376823	0	0	0	0	0	0
OTUD3	22	15	12	69	44	54
PLA2G2E	0	0	0	0	0	0
PLA2G2A	3	4	6	1	34	30
PLA2G5	1	0	0	3	2	1
PLA2G2D	1	0	0	3	1	14
PLA2G2F	0	0	0	0	1	8
PLA2G2C	0	0	0	0	0	0
UBXN10	9	8	1	1	4	8
UBXN10-AS1	0	0	0	1	0	0
LOC105376825	0	0	0	0	0	0
LOC105376826	0	1	1	0	0	0
LINC01757	0	0	0	0	0	0
LOC105376828	0	0	0	0	0	0
VWA5B1	0	0	0	0	0	0
LINC01141	0	0	0	0	0	0
CAMK2N1	373	404	491	57	39	67
MUL1	261	203	182	173	222	298
FAM43B	2	2	0	2	1	4
CDA	483	300	562	4	6	86
PINK1	90	68	72	17	21	53
MIR6084	0	0	0	0	0	0
PINK1-AS	16	15	11	17	26	35
DDOST	878	666	410	1128	1089	2224
KIF17	2	0	0	10	4	6
SH2D5	0	3	3	49	13	27
LOC112268222	4	2	1	3	7	9
HP1BP3	801	527	375	927	984	1228
EIF4G3	167	215	123	447	561	652
LOC105376830	3	0	2	4	1	4
LOC105376829	2	0	0	2	2	3
MIR1256	0	0	0	0	0	0
ECE1	73	45	18	539	638	726
LOC100506801	1	0	1	3	3	2
LOC105376832	0	0	0	0	0	0
NBPF3	47	56	23	112	289	99
ALPL	12	5	8	23	22	102
LOC105376834	0	0	0	1	0	0
RAP1GAP	53	75	78	107	46	99
USP48	61	41	34	201	243	323
LDLRAD2	0	0	0	5	4	5
HSPG2	108	88	36	1293	1373	1593
CELA3B	0	0	0	0	0	0
CELA3A	0	0	0	0	0	0
LINC01635	0	0	0	1	0	0
LINC00339	44	14	23	66	125	77
LOC112268223	0	0	0	1	1	0
CDC42	524	627	462	571	1278	1502
WNT4	202	150	119	6	124	49
LOC105376845	5	3	5	1	1	0
LOC105376850	0	1	0	0	0	0
LOC107985377	0	0	0	0	0	0
MIR4418	0	0	0	0	0	0
LOC105376856	0	0	0	0	0	0
ZBTB40	72	46	22	124	225	257
EPHA8	0	0	0	0	1	4
MIR6127	0	0	0	0	0	0
C1QA	101	39	36	274	185	1180
C1QC	128	58	45	337	309	1261
C1QB	92	52	37	289	223	1641
EPHB2	5	9	5	43	179	109
MIR4684	0	0	0	0	1	0
MIR4253	0	0	0	0	0	0
LACTBL1	0	0	0	0	0	0
TEX46	0	0	0	0	0	0
KDM1A	117	108	85	457	945	2002
MIR3115	0	0	0	0	2	1
LUZP1	141	150	67	459	1534	521
HTR1D	0	0	0	6	1	5
LINC01355	207	188	179	172	198	196
HNRNPR	767	578	351	1555	2530	2054
ZNF436	482	353	181	304	1019	522
ZNF436-AS1	8	4	0	11	22	23
TCEA3	18	20	17	19	62	21
ASAP3	123	66	72	68	72	56
E2F2	59	24	12	23	58	169
LOC101928163	0	0	0	0	1	1
LOC105376859	0	0	0	1	2	2
ID3	35	36	14	205	244	235
LOC107984928	0	0	0	1	0	0
MDS2	0	0	0	0	0	0
RPL11	4465	3129	2515	3479	6347	3798
ELOA	139	105	63	196	363	414
ELOA-AS1	3	0	1	8	8	4
PITHD1	72	65	83	61	90	152
LOC105376860	1	0	0	0	0	0
LYPLA2	152	143	97	127	146	190
GALE	712	557	605	91	221	186
HMGCL	324	268	213	149	210	310
LOC105376861	0	0	0	0	0	0
FUCA1	159	153	116	181	173	518
CNR2	1	0	0	2	3	1
LOC107984929	0	0	0	0	0	1
MIR378F	0	0	0	0	0	0
PNRC2	50	135	47	221	194	278
SRSF10	384	284	157	710	1160	974
LOC105378615	0	0	0	0	0	0
LOC105376863	0	0	0	0	0	0
LOC107984931	0	0	0	0	0	0
MYOM3	2	0	1	5	48	12
LOC107985737	0	0	0	0	2	1
LOC105376864	0	0	0	1	2	1
IL22RA1	17	20	12	25	22	48
IFNLR1	36	38	27	92	132	110
LOC284632	0	0	0	0	0	0
LOC105376871	0	0	1	7	6	5
GRHL3	450	352	251	146	162	139
STPG1	55	31	31	69	165	105
NIPAL3	233	293	316	147	363	209
RCAN3AS	0	0	0	0	2	0
RCAN3	162	242	126	188	206	210
LOC100506985	45	33	19	43	40	34
NCMAP	0	2	0	22	5	5
SRRM1	47	81	36	229	222	400
CLIC4	265	222	184	2525	3052	2694
LOC105376876	0	0	0	0	0	0
RUNX3	11	10	3	30	23	97
MIR6731	0	0	0	0	0	0
LOC107984932	1	0	0	3	1	3
LOC105376878	2	3	0	5	6	5
MIR4425	0	0	0	0	0	0
LOC105376879	1	0	0	0	1	0
SYF2	23	30	22	72	99	65
RSRP1	86	106	92	146	236	170
LOC105376882	0	0	0	0	0	0
RHD	6	3	0	4	6	5
TMEM50A	337	316	308	285	391	428
RHCE	21	12	14	1	5	6
MACO1	422	765	773	158	398	244
LDLRAP1	85	90	59	109	694	280
MAN1C1	27	13	7	30	41	65
SELENON	77	74	37	265	279	576
MTFR1L	91	50	44	130	176	124
LOC646471	4	4	2	8	13	2
AUNIP	8	5	5	45	142	68
PAQR7	387	270	198	167	746	192
STMN1	304	167	88	1036	1799	1361
MIR3917	0	0	0	0	0	0
LOC105376885	0	0	0	1	1	0
PAFAH2	116	137	85	69	266	185
LOC101928216	0	0	0	0	0	2
EXTL1	0	0	0	3	0	3
SLC30A2	0	0	0	0	0	0
LOC105376910	0	0	0	0	0	0
TRIM63	0	0	0	0	0	0
PDIK1L	140	85	43	88	351	160
LOC105376886	0	0	0	0	0	0
FAM110D	6	3	1	3	5	14
C1orf232	0	0	0	0	0	0
ZNF593	41	28	18	90	125	118
CNKSR1	38	57	42	24	50	56
CATSPER4	0	0	0	0	0	0
LOC101928303	1	0	0	0	0	1
CEP85	24	21	18	93	230	206
SH3BGRL3	2536	2526	2053	1044	1689	1929
UBXN11	17	15	4	28	70	83
CD52	29	25	7	20	28	471
CRYBG2	1068	1411	1152	82	746	374
ZNF683	5	2	0	1	0	3
LIN28A	0	0	0	1	2	0
DHDDS	342	277	229	201	445	412
LOC101928324	0	1	2	1	7	5
HMGN2	345	229	112	445	1111	1153
RPS6KA1	15	15	7	42	133	244
MIR1976	0	0	0	0	0	0
LOC105376888	0	0	0	0	1	0
LOC101928728	5	3	5	3	5	3
ARID1A	84	73	40	320	536	702
PIGV	128	97	53	51	326	203
ZDHHC18	303	178	115	332	848	393
SFN	7291	7039	4183	2849	7308	4298
GPN2	92	59	67	170	273	159
GPATCH3	10	14	6	28	35	29
NUDC	32	36	22	111	133	175
NR0B2	0	0	0	0	0	0
KDF1	166	106	91	81	246	149
TRNP1	1898	2194	975	23	562	32
TENT5B	187	170	160	7	28	40
LOC101928391	1	0	0	0	2	3
SLC9A1	87	88	73	188	349	374
LOC102723760	0	0	0	0	0	0
LOC105376890	0	0	0	0	0	0
WDTC1	162	91	99	143	333	339
TMEM222	177	199	144	111	298	154
ACTG1P20	748	1595	2403	3506	1516	8692
SYTL1	487	223	204	127	275	233
MAP3K6	178	186	75	63	261	226
FCN3	0	0	0	6	4	11
CD164L2	28	19	14	5	1	12
GPR3	2	2	1	17	24	19
WASF2	733	927	619	738	1578	1301
LOC105376892	0	0	0	1	9	0
AHDC1	39	60	37	80	115	84
FGR	35	18	12	42	50	299
LINC02574	0	0	0	0	1	0
IFI6	37	27	16	730	775	3672
FAM76A	171	70	61	109	329	167
STX12	600	607	364	307	646	476
PPP1R8	66	53	50	111	342	217
SCARNA1	1079	1258	1521	1909	1978	2266
THEMIS2	55	86	41	91	123	364
RPA2	160	133	124	236	749	531
SMPDL3B	6	3	4	13	15	7
XKR8	63	41	41	42	56	37
EYA3	478	510	465	331	1234	682
PTAFR	261	225	258	115	466	541
DNAJC8	219	187	150	354	805	501
ATP5IF1	100	124	120	132	303	174
SESN2	345	710	822	122	145	81
MED18	191	150	149	127	268	136
PHACTR4	624	1109	893	342	693	397
RCC1	19	33	8	81	215	221
SNHG3	52	54	73	83	103	47
SNORA73A	92912	49112	45378	39498	52900	27309
SNORA73B	92803	53658	48442	40886	52376	31654
TRNAU1AP	124	82	83	84	226	142
SNHG12	33	70	44	37	94	40
SNORD99	4	21	38	31	12	58
SNORA61	0	0	0	0	0	0
SNORA44	1	1	2	1	4	0
SNORA16A	346	858	1845	1213	450	3997
RAB42	3	5	3	28	10	103
TAF12	141	123	97	107	418	226
LINC01715	7	0	0	7	17	8
RNU11	0	0	0	0	0	0
GMEB1	51	29	37	62	113	54
YTHDF2	87	89	38	284	322	272
OPRD1	0	0	0	0	0	0
LOC105376898	0	0	0	0	0	0
EPB41	244	245	128	249	448	336
TMEM200B	34	10	33	32	100	35
SRSF4	39	37	39	109	141	143
MECR	67	44	30	49	185	140
PTPRU	12	11	18	43	259	49
LINC01756	0	0	0	0	0	0
LOC107984933	0	0	0	0	0	0
LOC107984934	0	0	0	0	0	0
LINC01648	0	0	0	0	0	0
LOC105378617	0	0	0	0	0	1
LOC105378618	0	0	0	0	0	0
MATN1	0	0	0	0	0	0
MATN1-AS1	2	1	1	2	2	2
LAPTM5	226	143	75	503	492	4280
MIR4420	0	0	0	0	0	0
LOC105378620	0	0	0	1	6	4
LOC105378621	0	0	0	0	0	0
LINC01778	0	0	0	0	0	0
LOC400748	0	0	0	0	0	0
SDC3	7	3	4	119	123	356
PUM1	79	100	47	266	427	479
SNORD103A	6	4	22	21	2	77
SNORD103B	6	4	22	21	2	77
SNORD103C	5	12	49	32	17	134
LOC107984935	0	0	0	0	1	1
NKAIN1	4	0	0	7	3	8
SNRNP40	61	59	22	215	416	421
ZCCHC17	106	93	51	183	480	258
FABP3	2	1	2	11	16	98
LOC105378623	0	0	0	0	0	0
LOC107985470	0	0	0	0	0	0
SERINC2	694	830	742	274	1536	431
LOC105378625	1	0	0	0	1	0
LOC105379772	6	4	8	1	5	0
LINC01225	2	1	0	0	1	0
LINC01226	0	0	3	0	3	0
LOC105378626	0	1	0	0	7	8
TINAGL1	33	64	18	29	877	316
HCRTR1	0	1	1	1	1	0
PEF1	320	242	175	275	806	564
LOC107985471	0	0	0	0	1	1
LOC105378628	0	1	0	0	1	1
COL16A1	14	12	7	124	181	312
LOC101929444	0	0	0	0	1	1
ADGRB2	2	0	0	8	7	32
MIR4254	0	0	0	0	0	0
SPOCD1	0	0	0	6	11	30
PTP4A2	139	140	53	301	503	586
KHDRBS1	367	285	155	976	1155	1252
TMEM39B	35	27	8	59	88	125
MIR5585	0	0	0	0	0	0
KPNA6	374	380	210	487	1609	1316
TXLNA	286	203	142	412	1012	843
CCDC28B	3	2	3	19	10	26
TMEM234	14	34	21	16	59	40
IQCC	4	3	1	8	14	12
DCDC2B	0	0	1	1	1	1
EIF3I	922	742	526	869	1636	1243
MTMR9LP	2	3	0	4	12	7
FAM167B	1	1	1	2	8	10
LCK	34	13	4	22	12	41
HDAC1	233	167	124	351	858	837
MARCKSL1	17	17	7	154	180	140
LOC105378629	0	0	0	0	0	2
TSSK3	2	0	0	3	8	6
FAM229A	0	3	0	5	0	1
BSDC1	413	302	222	444	962	588
ZBTB8B	3	4	6	10	8	2
ZBTB8A	71	46	21	82	237	129
LOC102723870	0	0	0	0	2	0
ZBTB8OS	115	42	57	126	257	144
RBBP4	245	164	84	483	863	874
SYNC	9	7	6	14	49	36
KIAA1522	343	266	140	569	1350	773
YARS	104	105	35	266	434	398
S100PBP	8	6	7	51	93	93
FNDC5	0	2	0	5	6	0
LOC105378631	0	0	0	0	1	0
HPCA	0	0	0	0	1	2
TMEM54	412	350	329	173	495	361
LOC105378632	0	0	0	0	0	0
RNF19B	274	308	265	195	317	389
AK2	596	515	322	685	1296	1108
LOC105378635	0	0	0	0	0	0
AZIN2	3	2	6	12	10	22
LOC112268224	0	0	0	2	0	2
TRIM62	32	30	20	42	58	57
ZNF362	43	26	19	74	55	95
A3GALT2	1	1	0	0	0	0
PHC2	90	43	43	221	278	319
MIR3605	0	0	0	0	0	1
LOC101929464	0	0	0	1	0	1
ZSCAN20	6	9	3	17	40	51
CSMD2	0	1	0	39	35	49
LOC105378638	0	0	0	0	1	0
HMGB4	0	0	0	0	0	0
CSMD2-AS1	0	0	0	0	0	0
C1orf94	0	0	0	0	0	0
LOC105378639	0	0	0	0	0	0
LOC105378640	0	0	0	0	0	0
LOC105378641	0	1	0	0	0	0
MIR552	0	0	0	0	0	0
LOC105378642	0	0	1	2	2	0
GJB5	619	560	319	293	918	211
GJB4	13	14	5	65	285	38
GJB3	328	370	220	275	918	369
GJA4	4	3	0	12	16	32
SMIM12	149	89	62	132	296	238
DLGAP3	0	0	0	8	4	4
LOC653160	5	1	1	2	14	4
TMEM35B	25	15	5	62	113	100
ZMYM6	185	133	104	171	524	233
ZMYM1	121	99	38	201	489	192
LOC105378644	2	2	2	15	2	1
SFPQ	173	214	85	731	916	918
ZMYM4	160	127	53	306	591	415
ZMYM4-AS1	0	0	1	1	1	0
KIAA0319L	152	107	86	134	269	398
NCDN	43	28	27	93	155	170
TFAP2E	3	3	2	5	14	7
LOC105378645	0	0	0	0	0	0
PSMB2	683	411	305	561	1812	1260
LOC105378646	0	0	0	0	0	0
C1orf216	1	4	0	21	32	36
CLSPN	2	6	0	62	90	239
AGO4	45	18	19	91	66	122
AGO1	64	61	42	371	301	535
AGO3	97	87	55	349	607	270
LOC105378647	0	0	0	2	1	0
TEKT2	2	1	0	0	0	0
ADPRHL2	176	133	96	165	275	305
COL8A2	16	15	8	101	54	305
TRAPPC3	148	142	113	147	313	267
MAP7D1	22	50	32	97	157	215
THRAP3	89	125	64	266	425	697
SH3D21	19	10	10	28	24	34
EVA1B	21	15	13	57	47	87
STK40	176	255	213	144	196	205
LSM10	57	51	33	159	198	197
OSCP1	40	12	22	20	73	22
SNORA63C	435	555	517	723	513	540
LOC107984940	0	0	0	2	3	0
MRPS15	44	54	29	108	221	148
CSF3R	3	3	1	14	16	89
LOC107984941	0	0	0	0	0	0
LOC105378648	0	0	0	0	0	0
GRIK3	0	0	0	1	0	1
MIR4255	0	0	0	0	0	0
LOC107984942	0	0	0	0	0	0
LINC01137	22	16	12	12	53	59
ZC3H12A	163	156	114	122	326	464
MIR6732	0	0	0	0	0	0
MEAF6	341	222	236	297	765	434
MIR5581	0	0	0	0	0	2
LOC105378649	0	0	0	0	1	1
SNIP1	11	28	19	52	65	63
DNALI1	1	1	0	9	21	14
GNL2	138	110	74	199	545	473
RSPO1	4	3	1	0	0	1
C1orf109	23	13	3	53	101	96
CDCA8	62	33	26	168	460	384
EPHA10	6	2	0	0	4	0
LOC105378650	0	0	0	0	0	0
MANEAL	40	24	14	13	8	5
YRDC	94	81	41	175	270	144
C1orf122	98	105	80	98	208	169
MTF1	371	308	172	111	426	398
INPP5B	27	28	16	43	66	167
LOC105378651	0	0	0	0	2	1
SF3A3	79	66	33	184	394	366
FHL3	10	11	2	27	73	61
UTP11	76	59	52	108	295	218
POU3F1	25	54	17	0	8	10
LOC107985103	0	0	1	0	0	0
LOC105378653	6	3	1	0	0	1
MIR3659	0	0	0	0	0	0
LOC105378655	0	0	0	0	0	0
LOC105378654	0	1	0	0	1	0
LINC01343	0	0	0	0	0	0
LOC105378657	0	0	0	0	0	0
LOC107984943	0	0	0	0	0	0
LINC01685	0	0	0	0	0	0
LOC105378658	0	0	0	0	0	0
LOC105378660	1	2	1	0	1	0
RRAGC	230	180	183	266	385	310
GJA9-MYCBP	0	0	0	0	0	0
MYCBP	4	5	4	0	8	3
LOC105378663	0	0	0	0	0	0
GJA9	0	0	0	0	0	0
RHBDL2	38	50	34	5	50	14
LOC105378662	0	0	0	0	0	1
AKIRIN1	71	74	56	237	264	259
NDUFS5	545	493	304	369	1626	673
MACF1	178	245	85	2074	2945	5088
KIAA0754	6	6	2	109	110	75
LOC105378950	0	0	0	1	2	1
BMP8A	1	14	2	201	91	221
OXCT2P1	0	1	0	15	4	3
PPIEL	1	4	0	7	6	11
PABPC4	253	160	109	312	1295	530
PABPC4-AS1	0	0	0	2	2	0
SNORA55	82	96	211	150	124	467
HEYL	0	0	1	54	94	116
NT5C1A	0	0	0	1	0	0
HPCAL4	0	0	0	2	2	5
PPIE	24	27	12	90	73	142
BMP8B	10	5	7	91	29	112
OXCT2	1	1	0	17	4	3
LOC105378666	0	0	0	0	0	0
LOC101929536	0	1	0	2	1	1
LOC105378951	1	1	1	1	2	1
LOC107985740	0	0	1	1	0	1
LOC105378665	0	0	0	1	0	0
LOC105378667	0	0	0	0	0	0
TRIT1	44	24	19	94	104	102
MYCL	91	127	56	103	114	84
LOC105378668	0	0	0	0	0	1
MFSD2A	66	26	22	114	62	87
LOC105378669	0	3	0	3	0	2
CAP1	1306	1441	1122	1599	3646	2654
PPT1	373	246	97	1109	3311	2652
LOC105378671	0	0	0	0	0	0
RLF	44	96	49	209	364	421
TMCO2	0	0	0	0	0	0
ZMPSTE24	314	417	296	202	1322	674
COL9A2	1	0	1	21	58	44
LOC107984945	1	0	0	0	0	0
SMAP2	165	140	94	152	365	433
ZFP69B	10	8	1	58	67	27
ZFP69	15	23	10	45	58	57
LOC105378672	0	0	1	3	4	0
EXO5	14	4	3	33	40	31
ZNF684	10	5	5	25	36	26
LOC105378673	0	0	0	0	0	0
RIMS3	34	30	15	8	14	40
LOC105378675	0	0	0	0	1	0
LOC105378674	0	0	0	0	0	0
NFYC-AS1	2	0	1	3	12	9
NFYC	287	238	145	188	478	325
MIR30E	0	0	0	0	0	0
MIR30C1	0	0	0	0	1	1
KCNQ4	3	4	2	1	0	1
LOC105378676	0	0	0	0	0	0
CITED4	367	224	243	177	62	120
CTPS1	69	60	19	228	423	493
SLFNL1-AS1	1	1	1	6	8	3
SLFNL1	2	0	3	13	12	10
SCMH1	77	58	28	117	221	164
FOXO6	2	1	5	6	4	18
LOC101929901	0	0	0	0	0	0
LOC105378678	1	0	1	0	0	0
EDN2	17	95	8	11	1	1
HIVEP3	20	22	12	16	22	124
GUCA2B	1	0	0	0	0	0
GUCA2A	0	0	0	0	0	0
FOXJ3	252	224	115	406	784	522
RIMKLA	2	2	1	276	3	60
ZMYND12	6	1	0	7	1	7
CCDC30	7	1	2	2	4	7
PPCS	150	92	79	135	234	149
PPIH	62	49	22	87	214	215
YBX1	84	91	33	306	596	503
CLDN19	0	0	0	2	0	0
P3H1	33	17	15	203	256	443
C1orf50	47	32	25	33	81	53
LOC105378683	0	0	0	0	0	0
TMEM269	1	1	1	2	1	6
LOC107984946	1	0	0	1	0	0
SVBP	31	15	15	48	79	62
ERMAP	38	36	17	26	179	100
ZNF691	17	11	8	39	80	49
LOC339539	2	0	0	8	0	2
SLC2A1	346	278	156	3339	3050	2341
SLC2A1-AS1	3	4	6	16	18	24
FAM183A	8	5	4	6	21	10
EBNA1BP2	31	29	10	71	164	173
MIR6733	0	0	0	0	0	0
CFAP57	0	0	0	0	0	0
LOC105378685	0	0	0	0	0	0
TMEM125	61	60	44	28	47	19
C1orf210	104	113	66	17	43	49
TIE1	14	5	8	69	91	101
MPL	5	0	6	1	2	4
LOC105378687	2	1	4	4	9	6
CDC20	94	90	27	419	1000	806
ELOVL1	1147	1197	887	446	1138	698
MIR6734	0	0	0	0	0	0
LOC112268225	1	0	1	3	3	2
MED8	180	185	110	166	277	277
LOC107984947	1	0	0	0	0	0
SZT2	62	49	33	109	215	224
SZT2-AS1	0	0	0	0	0	0
MIR6735	0	0	0	0	0	0
HYI	0	0	0	0	0	0
PTPRF	364	409	121	928	1476	2165
KDM4A	68	54	34	160	305	259
KDM4A-AS1	1	0	2	15	17	11
ST3GAL3	16	7	3	109	134	54
LOC101929592	0	0	0	3	0	0
MIR6079	0	0	0	0	0	0
ARTN	0	0	0	70	112	13
LOC105378688	0	0	0	3	1	1
LOC101929609	0	0	0	2	3	1
IPO13	18	23	12	80	153	184
DPH2	68	67	24	179	423	282
ATP6V0B	292	368	281	343	814	651
B4GALT2	188	122	102	300	686	386
CCDC24	1	1	0	16	30	28
SLC6A9	143	141	193	65	394	58
LOC107984948	2	1	2	6	0	1
KLF17	0	0	0	0	5	3
KLF18	0	0	0	0	0	0
DMAP1	36	29	23	53	134	106
ERI3	27	37	17	75	153	117
ERI3-IT1	0	1	0	3	4	2
SNORA110	0	0	0	0	0	0
RNF220	111	93	68	190	499	282
LOC107984951	0	0	0	0	1	0
MIR5584	0	0	0	0	0	0
LOC107984950	5	4	5	10	14	9
TMEM53	17	11	8	28	30	45
SNORD145	0	0	0	1	0	0
ARMH1	0	0	1	1	0	5
LOC105378690	0	0	0	0	2	2
RNU5F-1	77	575	621	8121	605	5467
RNU5D-1	247	2362	8554	13679	1424	108268
KIF2C	7	3	2	59	164	250
SNORD160	1	0	0	0	0	0
RPS8	8833	6281	5225	5401	10454	5039
SNORD55	12	12	34	16	13	79
SNORD46	55	98	465	310	73	1970
SNORD38A	5	7	14	7	10	29
SNORD38B	3	14	15	23	12	25
BEST4	0	0	0	3	3	2
PLK3	262	174	212	28	90	137
TCTEX1D4	6	2	4	4	5	5
BTBD19	1	3	1	13	11	7
LOC107984952	1	0	3	2	1	1
PTCH2	0	0	1	9	3	4
EIF2B3	60	39	29	69	137	180
HECTD3	271	244	164	153	346	377
UROD	29	25	17	37	89	155
ZSWIM5	32	12	7	36	6	13
LOC105378691	0	0	0	0	1	0
LINC01144	0	0	0	0	0	0
HPDL	24	11	9	12	72	39
MUTYH	4	5	4	19	55	51
TOE1	23	11	7	25	60	45
TESK2	124	93	83	89	156	81
CCDC163	2	1	3	4	4	7
MMACHC	32	22	13	58	86	102
PRDX1	2151	1767	1780	2715	4586	1474
AKR1A1	920	676	469	328	1008	717
NASP	40	25	30	164	191	307
CCDC17	3	10	10	6	6	2
GPBP1L1	442	496	381	493	948	758
RPS15AP10	45	62	70	113	142	90
TMEM69	170	158	123	239	642	303
IPP	126	87	76	52	147	108
LOC105378693	0	0	0	0	0	0
MAST2	34	27	12	168	284	223
LOC105378694	1	2	0	6	8	3
LOC110117498-PIK3R3	0	0	0	0	0	0
PIK3R3	2	4	4	23	24	20
LOC101929626	1	0	0	0	1	0
TSPAN1	7	10	6	57	2334	75
P3R3URF	0	0	0	0	0	0
POMGNT1	120	76	45	297	295	482
LURAP1	2	0	0	2	2	1
RAD54L	7	6	1	39	99	99
LRRC41	700	383	423	354	1051	370
UQCRH	990	764	694	828	1996	809
NSUN4	119	61	48	207	404	242
FAAH	14	7	4	14	27	16
FAAHP1	0	0	0	0	0	0
LINC01398	0	0	0	0	0	0
DMBX1	0	0	0	0	2	16
TMEM275	0	0	0	0	0	0
MKNK1-AS1	0	0	0	2	6	1
KNCN	0	0	0	0	0	0
MKNK1	214	125	63	262	644	346
MOB3C	82	41	39	243	461	170
LOC105378697	0	0	0	1	0	0
ATPAF1	327	207	180	214	714	481
TEX38	0	1	0	0	0	0
EFCAB14-AS1	0	0	0	0	0	0
EFCAB14	1782	1508	831	1075	3331	1906
LOC105378698	3	5	4	2	3	4
LOC105378699	0	0	0	0	0	0
CYP4B1	264	182	37	0	1	0
CYP4Z2P	7	4	1	0	0	0
CYP4A11	0	1	0	0	0	0
CYP4X1	70	71	11	3	3	8
CYP4Z1	7	5	0	0	0	0
CYP4A22	0	1	0	0	0	1
LOC105378701	0	0	1	3	0	2
LINC00853	0	0	1	0	0	0
PDZK1IP1	255	701	285	0	31	105
TAL1	2	0	1	5	15	5
STIL	33	25	12	120	389	453
CMPK1	2903	2371	1544	936	2806	996
LINC01389	0	0	0	0	0	0
FOXE3	0	0	0	0	0	1
FOXD2-AS1	4	1	0	0	19	17
FOXD2	0	2	0	4	18	18
LINC01738	0	0	0	0	0	0
TRABD2B	2	2	0	0	2	2
LOC105379778	0	0	0	0	0	1
SKINT1L	0	0	0	0	0	0
SLC5A9	5	4	0	1	2	2
SPATA6	60	15	13	15	19	46
AGBL4	0	0	0	9	0	0
BEND5	1	1	0	6	1	9
LOC105378706	0	0	0	0	0	0
LOC101929721	0	0	0	0	0	0
AGBL4-IT1	0	0	0	0	0	0
LOC107984954	0	0	0	0	0	0
LOC105378708	0	0	0	0	0	0
ELAVL4	2	2	1	2	5	3
LOC105378709	0	0	0	0	0	0
LOC107984955	0	0	0	0	0	0
LOC105378711	0	0	0	0	0	0
LOC105378710	0	0	0	0	0	0
LOC105378712	0	0	0	0	0	0
DMRTA2	10	1	2	20	40	0
LOC105378714	0	1	0	5	7	0
FAF1	113	105	47	165	253	314
LOC105378715	0	1	0	3	2	2
LOC112268262	0	0	0	2	0	1
CDKN2C	212	74	72	61	91	150
MIR4421	0	0	0	0	0	0
MIR6500	0	0	0	0	0	0
C1orf185	0	0	0	0	0	0
LINC01562	0	1	2	1	2	1
RNF11	335	411	265	252	498	382
TTC39A	357	330	287	102	64	19
LOC105378717	0	0	0	0	0	0
TTC39A-AS1	4	1	1	1	0	0
EPS15	1052	799	588	771	1301	979
LOC105378720	4	0	0	4	5	6
LOC105378719	0	1	0	0	0	0
OSBPL9	211	271	163	489	789	535
NRDC	103	115	42	412	661	586
LOC105378721	0	0	0	0	0	1
MIR761	0	0	0	0	0	0
RAB3B	3	4	2	577	1134	154
TXNDC12	237	179	118	624	1445	680
KTI12	0	0	0	0	0	0
TXNDC12-AS1	0	0	0	1	1	0
BTF3L4	520	339	253	441	1493	699
LOC107984956	0	0	0	0	0	0
ZFYVE9	118	103	94	226	507	184
CC2D1B	69	35	26	96	117	122
ORC1	4	1	2	34	118	163
PRPF38A	178	142	114	176	421	333
TUT4	118	78	41	377	323	357
LOC105378723	1	0	0	1	0	1
GPX7	6	6	1	117	29	30
SHISAL2A	0	0	0	10	1	4
COA7	79	39	26	212	301	253
ZYG11B	584	395	339	414	802	543
ZYG11A	57	24	35	10	161	31
ECHDC2	313	235	286	43	162	32
SCP2	1729	1122	1022	553	1471	785
PODN	14	7	2	95	69	143
SLC1A7	0	0	0	0	2	2
LOC105378724	0	0	0	0	0	0
CPT2	218	134	68	117	273	255
CZIB	136	82	56	90	182	188
MAGOH	115	92	49	181	439	305
LOC100507564	2	2	0	2	6	0
LRP8	49	43	11	466	654	234
LOC105378728	0	0	0	4	3	2
LOC105378726	1	2	0	25	17	8
LINC01771	0	0	0	1	2	0
LOC105378731	0	0	0	0	0	2
LOC105378730	0	0	0	2	2	0
LOC107984957	0	0	0	3	1	1
SLC25A3P1	0	0	0	0	0	0
LOC105378733	0	1	0	1	1	0
DMRTB1	0	0	0	0	0	0
GLIS1	1	2	0	12	8	23
NDC1	166	149	51	358	1183	711
YIPF1	322	286	202	188	421	301
DIO1	1	2	0	2	1	1
HSPB11	93	70	41	140	262	219
LRRC42	47	25	21	125	231	223
LDLRAD1	13	7	15	0	42	2
TMEM59	3032	2090	2268	731	2348	1303
TCEANC2	45	32	24	47	73	101
MIR4781	0	0	0	0	0	0
CDCP2	0	0	0	1	0	0
CYB5RL	12	11	7	20	37	85
MRPL37	451	361	258	439	1331	970
SSBP3	33	68	39	38	109	171
SSBP3-AS1	0	1	3	1	2	3
LOC105378735	0	1	0	0	1	0
LOC105378734	0	0	1	0	8	0
ACOT11	58	76	48	4	44	46
FAM151A	2	0	0	1	2	1
MROH7-TTC4	0	0	0	0	0	0
MROH7	0	1	0	0	2	1
TTC4	7	9	2	13	23	12
PARS2	16	17	3	29	82	71
TTC22	1159	1469	997	151	608	280
LEXM	390	319	99	3	12	11
DHCR24	2246	1942	1012	1422	1767	2339
LOC107984958	1	3	0	2	4	1
TRNAK-CUU	11	35	72	17	9	68
LOC105378736	0	0	0	0	1	0
TMEM61	5	3	3	2	0	2
BSND	0	0	0	2	0	0
PCSK9	16	13	3	366	319	765
USP24	186	183	68	508	948	996
LOC100507634	1	0	0	0	1	0
MIR4422HG	0	0	0	0	0	0
MIR4422	0	0	0	0	0	0
LOC105378740	0	0	0	1	1	0
LINC01753	0	0	0	0	0	0
LINC01755	0	0	0	0	0	0
LOC105378737	0	0	0	0	0	0
LOC105378741	0	0	0	0	0	0
LINC01767	0	0	0	0	0	2
PLPP3	233	182	112	429	454	453
LOC101929935	0	1	0	0	0	0
PRKAA2	199	154	57	201	24	78
FYB2	5	2	7	0	0	1
C8A	0	0	0	0	0	0
C8B	0	0	0	0	0	0
LOC105378745	0	0	0	0	0	0
LOC112267900	0	0	0	0	1	0
DAB1	2	1	0	19	2	12
LOC105378748	0	0	0	0	0	0
LOC105378747	0	0	0	0	0	0
DAB1-AS1	0	0	0	0	0	0
LOC105378746	0	0	1	0	0	0
LOC107984960	1	2	2	10	6	3
OMA1	307	110	118	142	557	249
TACSTD2	8400	6509	5702	1292	6257	1907
MYSM1	280	247	121	336	972	336
LOC112268263	0	1	0	1	0	1
LOC105378751	0	1	0	4	3	3
JUN	810	469	213	693	379	734
LINC01135	1	1	0	0	0	0
LOC101926907	5	3	7	13	11	12
LOC107984961	0	0	0	0	0	0
LOC105378753	1	2	0	3	1	3
LINC01358	1	3	0	1	1	1
HSD52	0	0	0	0	0	0
LOC105378756	1	1	0	1	1	4
FGGY	83	61	36	38	28	63
MIR4711	0	0	0	0	0	0
LOC101926944	0	0	0	0	0	0
LOC105378758	0	0	0	1	0	0
HOOK1	471	501	259	408	556	328
CYP2J2	289	156	183	46	1	6
C1orf87	0	0	0	0	0	1
LOC105378760	0	0	0	0	0	0
LOC107984963	0	0	0	0	0	0
LOC105378761	0	0	0	0	0	0
LOC107984962	0	0	0	1	0	0
LOC107985379	0	0	0	0	0	0
LINC01748	3	7	1	24	60	18
LOC101926964	0	0	0	0	1	0
LOC105378764	0	0	0	0	0	0
NFIA-AS2	0	0	0	0	3	0
NFIA	222	235	128	182	440	198
NFIA-AS1	0	0	0	1	2	0
LOC105378766	0	0	2	1	0	0
LOC107984964	0	0	0	0	1	0
MGC34796	0	0	0	0	1	0
TM2D1	83	67	49	153	215	105
PATJ	293	288	181	302	649	342
LOC107984965	2	2	0	1	5	3
MIR3116-1	0	0	0	0	0	0
MIR3116-2	0	0	0	0	0	0
L1TD1	0	0	0	1	6	5
KANK4	0	0	0	2	30	43
LOC105378768	0	0	0	1	0	0
USP1	378	254	139	510	1286	954
DOCK7	231	126	72	518	728	575
ANGPTL3	0	0	0	4	10	2
ATG4C	61	27	15	65	165	105
LINC01739	0	0	0	0	0	0
LINC00466	1	1	0	0	0	0
LOC105378770	0	0	0	0	0	0
FOXD3-AS1	0	0	0	3	14	0
FOXD3	0	0	0	3	16	0
MIR6068	0	0	0	0	0	0
ALG6	94	78	42	104	386	228
ITGB3BP	46	31	25	81	234	138
LOC102724319	0	0	0	0	6	2
EFCAB7	15	9	2	22	42	33
DLEU2L	11	0	0	8	9	9
PGM1	364	157	131	321	331	177
LOC105378771	2	0	0	0	0	0
ROR1	100	51	19	9	16	27
LOC105378772	0	0	0	0	0	0
ROR1-AS1	0	1	0	1	8	1
LOC105378773	0	0	1	1	6	2
UBE2U	0	0	0	0	0	0
LOC105378774	0	0	0	0	0	0
LOC107984966	0	0	0	0	3	0
CACHD1	23	22	4	195	314	68
MIR4794	0	0	0	0	0	0
RAVER2	128	105	68	163	526	193
JAK1	424	530	293	755	1074	1384
LINC01359	1	0	0	0	0	0
MIR3671	1	0	0	0	0	0
MIR101-1	0	0	0	1	1	0
AK4	1031	722	604	1185	1348	870
DNAJC6	3	5	1	75	20	13
LOC102724416	0	0	0	6	1	3
LOC112268227	0	0	0	1	1	0
LEPROT	738	694	662	623	1118	934
LEPR	75	50	40	90	109	153
PDE4B	22	22	7	149	77	89
LOC101927139	0	0	0	0	0	1
LOC105378776	0	0	0	0	0	1
SGIP1	0	2	0	109	48	60
MIR3117	0	0	0	0	0	0
TCTEX1D1	1	1	2	4	1	5
INSL5	0	0	0	0	0	0
WDR78	11	3	2	16	24	25
MIER1	85	83	41	209	335	272
SLC35D1	144	109	48	157	595	175
C1orf141	0	0	1	1	1	1
IL23R	0	0	1	0	3	4
IL12RB2	17	4	3	82	147	14
LOC105378779	1	0	0	4	7	3
SERBP1	370	394	137	654	1696	1380
LINC01702	0	0	0	1	0	0
LOC105378780	0	0	0	0	0	0
GADD45A	68	124	112	176	195	125
GNG12	2793	2608	2138	1131	2809	1083
LOC105378781	2	0	5	2	6	1
GNG12-AS1	2	0	1	5	5	4
DIRAS3	2	1	1	2	3	4
WLS	278	191	120	648	969	282
MIR1262	0	0	0	1	0	1
LOC105378782	0	0	0	0	0	0
RPE65	0	0	0	56	103	40
DEPDC1	131	87	20	329	1205	582
DEPDC1-AS1	0	0	0	1	2	1
LOC107984967	0	0	0	0	0	0
LOC105378783	0	0	0	1	2	2
LINC01707	0	0	0	0	0	1
LOC105378787	0	0	0	0	0	0
LOC105378786	0	0	0	1	0	0
LINC01758	0	0	0	0	0	0
LOC105378789	0	0	0	0	29	0
LOC105378790	0	0	0	0	27	0
LRRC7	4	2	3	22	155	7
PIN1P1	0	0	0	2	1	0
LOC105378792	0	0	0	2	4	0
LRRC40	150	123	65	213	453	340
SRSF11	110	118	52	360	602	358
ANKRD13C	145	128	101	174	431	181
HHLA3	13	8	3	12	20	11
LOC102724548	0	0	1	1	2	1
CTH	28	14	83	50	109	15
LOC105378793	0	0	0	0	0	0
LOC105378794	0	0	0	0	0	0
LINC01788	0	0	0	0	0	0
LOC102724572	0	0	0	0	0	0
PTGER3	3	9	1	33	69	43
LOC107985517	0	0	0	2	1	0
ZRANB2-AS1	2	2	0	4	9	3
ZRANB2	288	267	142	402	773	533
MIR186	0	1	0	2	3	2
ZRANB2-AS2	0	0	4	0	0	1
LOC105378795	1	0	0	1	0	0
NEGR1	17	9	3	41	36	53
NEGR1-IT1	0	0	0	0	0	0
LOC105378797	0	0	0	7	6	1
LOC105378796	0	0	1	4	5	2
LOC105378798	0	1	0	31	64	13
LOC339468	0	0	0	2	5	1
LOC105378799	0	3	0	0	6	4
LOC105378800	0	0	0	0	0	0
LINC01360	0	0	0	1	0	0
LOC105378801	0	0	0	0	0	0
LOC107985391	0	0	0	0	0	0
LOC105378802	0	0	0	0	0	0
LINC02238	0	0	0	0	0	0
LRRIQ3	1	1	3	3	5	7
FPGT-TNNI3K	0	0	0	0	0	0
FPGT	213	120	67	131	355	221
TNNI3K	0	0	0	0	0	0
LOC105378805	0	0	0	4	0	0
LRRC53	0	0	0	0	0	0
ERICH3	0	0	1	0	0	1
ERICH3-AS1	0	0	0	0	0	0
CRYZ	41	32	28	76	114	93
TYW3	49	34	14	97	235	110
LHX8	0	0	0	0	0	1
SLC44A5	369	8	15	27	173	159
ACADM	1130	816	911	231	348	351
DLSTP1	34	22	45	100	129	107
RABGGTB	187	162	80	210	605	211
SNORD45C	16	38	111	58	26	456
SNORD45A	37	70	228	127	43	832
SNORD45B	4	4	12	5	3	31
MSH4	1	0	0	0	1	3
ASB17	0	0	0	0	0	0
LOC105378806	0	0	0	0	0	0
LOC101927342	0	0	0	0	0	0
ST6GALNAC3	4	4	2	9	25	16
LOC105378807	0	0	0	1	0	0
LINC02567	0	0	0	0	0	0
ST6GALNAC5	1	2	0	91	46	98
MIR7156	0	0	0	0	0	0
PIGK	115	87	59	220	575	365
LOC105378808	0	1	0	0	0	1
AK5	0	1	0	3	8	6
ZZZ3	250	148	83	428	1232	530
USP33	240	176	122	412	626	447
MIGA1	157	71	70	255	348	241
NEXN-AS1	0	0	1	3	3	0
NEXN	1	0	0	45	50	27
FUBP1	67	99	46	306	458	390
DNAJB4	138	94	106	258	346	110
GIPC2	44	32	29	117	174	5
LOC107984997	1	0	0	0	0	0
MGC27382	0	0	1	0	0	0
PTGFR	0	1	1	20	13	19
IFI44L	28	17	9	256	448	1327
IFI44	64	44	16	164	259	536
ADGRL4	23	15	10	79	135	79
LOC107984998	0	0	0	0	2	2
LOC105378810	0	0	0	0	0	0
LOC105378812	0	0	0	0	0	0
LOC105378811	0	0	0	0	0	0
LOC107983999	0	0	0	0	0	0
LINC01781	0	0	0	1	1	0
LOC105378813	0	0	0	0	0	0
LOC107985018	0	0	0	0	0	0
ADGRL2	908	844	523	611	1296	631
LOC101927434	0	0	0	0	0	0
LOC105378814	0	0	0	0	0	0
LOC107985396	0	0	0	0	0	0
LINC01362	1	1	0	0	5	3
LINC01361	0	0	0	1	1	0
LOC107985037	2	0	1	8	11	4
LOC105378816	0	2	0	5	18	4
LINC01712	0	1	0	0	2	0
LOC107985043	1	0	0	0	3	1
LINC01725	2	1	1	1	2	1
LOC101927560	1	0	0	1	2	0
LOC107985041	2	0	0	1	1	1
TTLL7	25	12	2	124	61	53
PRKACB	540	233	302	376	233	481
LOC107985046	1	0	0	2	5	2
LOC112268230	4	10	12	8	9	21
SAMD13	5	2	1	8	4	4
UOX	0	0	0	0	0	0
DNASE2B	0	0	0	1	1	31
RPF1	13	23	13	62	115	75
GNG5	189	230	176	229	404	265
SPATA1	3	2	0	6	3	6
CTBS	291	153	137	156	301	183
LOC105378819	0	0	1	0	0	1
LINC01461	1	0	0	1	0	1
LINC01555	0	0	0	0	0	0
SSX2IP	209	126	65	315	434	221
LOC102724892	0	0	0	3	1	0
LPAR3	27	34	13	83	208	63
MCOLN2	22	15	1	19	12	24
MCOLN3	3	2	0	82	2	53
WDR63	8	0	1	1	0	6
MIR4423	0	0	0	0	0	0
SYDE2	50	21	14	113	206	23
LOC105378821	0	0	0	0	1	0
C1orf52	26	27	14	67	107	68
BCL10	196	257	173	188	477	172
LOC646626	0	0	0	0	0	1
DDAH1	345	244	145	401	136	102
LOC107985054	0	0	0	4	4	4
CCN1	28	39	32	489	288	357
LOC107985057	0	0	0	3	4	2
LOC112268231	0	0	0	1	1	0
ZNHIT6	26	31	9	58	87	83
LOC105378823	0	0	0	0	0	1
COL24A1	0	0	0	44	29	59
LOC105378824	0	0	0	0	3	1
LOC105378825	0	0	0	1	2	0
ODF2L	70	94	37	128	218	93
MIR7856	0	0	0	0	0	0
CLCA2	7093	5829	3644	2934	8486	1390
CLCA1	0	0	0	0	1	0
LOC105378827	2	3	5	3	13	6
LOC105378826	8	10	1	0	0	0
CLCA4	26843	21502	9870	4	426	3
CLCA4-AS1	8	15	5	2	10	2
CLCA3P	40	26	8	3	4	0
SH3GLB1	515	584	289	316	774	448
LOC105378831	0	0	0	0	0	0
SELENOF	557	426	257	986	1735	988
HS2ST1	243	173	90	560	908	458
LINC01140	7	1	10	5	13	16
LOC101927844	0	1	0	0	0	0
LMO4	208	235	228	280	313	327
LINC01364	0	0	0	0	1	0
LOC105378833	0	2	0	1	4	0
LOC105378834	0	7	12	8	3	64
LOC107985408	0	0	0	0	0	0
LOC105378835	0	0	0	0	0	0
LOC107985518	0	0	0	0	0	0
LINC01773	0	0	0	1	0	0
LOC101927871	0	0	0	0	0	0
LOC105378836	0	0	0	0	0	0
LOC105378839	0	0	0	0	0	0
PKN2-AS1	0	0	0	1	0	2
LOC105378838	0	0	0	0	0	0
PKN2	390	473	224	446	835	538
GTF2B	247	208	189	167	393	181
KYAT3	273	120	122	259	321	82
RBMXL1	255	172	77	461	861	456
GBP3	28	6	17	61	29	195
LOC105378841	1	1	0	1	2	1
GBP1	39	16	10	295	175	295
GBP2	156	103	44	194	106	164
LOC112268267	4	7	0	39	20	18
LOC105378842	3	0	0	20	4	3
GBP7	1	3	1	5	2	0
GBP4	169	124	88	158	71	226
LOC107985076	0	0	0	0	0	1
LOC105378843	0	0	0	0	0	0
GBP5	33	18	11	192	72	434
LOC729930	3	2	0	1	4	3
GBP6	10033	6665	4256	670	3265	849
GBP1P1	41	23	23	43	40	35
LOC105378844	0	0	0	0	0	1
LRRC8B	125	77	51	405	955	290
LRRC8C	52	18	11	364	539	348
LRRC8C-DT	0	0	0	4	0	5
LOC107985743	0	1	0	1	0	2
LOC101927952	0	1	0	4	9	0
LOC107985744	0	0	0	0	0	0
LOC101927975	0	0	0	0	0	1
LRRC8D	36	22	16	444	646	350
LOC105378847	0	0	0	1	0	0
GEMIN8P4	3	1	2	16	18	5
ZNF326	99	100	57	256	424	214
LOC105378848	0	0	0	2	0	0
LOC105378849	0	0	0	1	8	3
LOC107985088	1	0	0	9	4	3
LOC105378850	0	0	0	0	0	0
LOC105378851	0	0	0	0	0	0
LOC105378852	0	0	0	0	0	0
SNORD3G	0	0	0	0	0	0
BARHL2	0	0	0	0	0	0
LINC02609	0	0	0	10	3	6
LOC105378855	0	0	0	0	0	1
LINC01763	0	0	0	0	0	0
ZNF644	460	284	193	681	1761	682
HFM1	2	2	1	4	2	2
LOC107985412	0	0	0	0	0	0
LOC107985417	0	0	0	0	0	0
LOC105378856	0	0	0	0	0	0
CDC7	71	33	17	141	438	265
LOC102723436	0	0	0	0	0	0
TGFBR3	53	38	19	174	207	80
BRDT	0	1	0	0	0	104
EPHX4	0	0	0	8	7	5
SETSIP	20	35	19	159	318	111
BTBD8	13	5	7	10	7	11
KIAA1107	41	36	28	36	27	33
C1orf146	0	0	0	0	0	0
GLMN	41	32	34	78	200	58
RPAP2	114	98	59	231	495	182
GFI1	3	1	0	6	15	16
EVI5	78	62	41	164	266	191
RPL5	3156	1775	1388	2601	4764	2014
DIPK1A	30	16	18	393	720	267
SNORD21	21	24	171	83	27	865
SNORA66	25	64	304	93	44	1035
MTF2	31	31	17	150	281	170
TMED5	403	293	190	607	1218	750
CCDC18	244	215	213	263	601	342
LOC107985521	0	0	0	1	0	0
CCDC18-AS1	12	6	7	27	31	25
DR1	627	543	350	768	1926	776
FNBP1L	104	155	133	289	398	174
TRNAC-GCA	2	0	3	2	6	6
BCAR3	77	139	123	103	116	57
LOC100129046	1	1	1	4	1	2
LOC102723480	2	6	8	0	4	0
MIG7	1	2	1	1	0	2
MIR760	0	0	0	0	1	0
TRR-TCT1-1	10	30	53	21	12	33
DNTTIP2	54	41	30	173	291	166
GCLM	143	103	66	419	1733	153
ABCA4	0	0	0	25	17	1
LOC105378858	0	0	0	0	0	0
ARHGAP29	24	35	18	82	106	68
LOC107985092	0	0	0	0	1	0
LOC105378859	0	0	0	0	0	0
ABCD3	459	336	168	226	545	245
F3	333	399	321	1106	12174	405
LOC105378861	0	0	0	0	9	0
LOC112268232	0	2	0	1	8	3
SLC44A3-AS1	1	5	0	13	11	11
LOC105378860	0	0	0	0	1	0
MIR378G	0	0	0	0	0	0
SLC44A3	110	54	70	25	25	10
CNN3	3360	2159	1711	1455	807	868
LOC105378862	2	1	0	2	0	0
LOC729970	2	6	5	6	4	9
ALG14	73	41	38	46	85	47
LOC105378863	0	0	0	1	2	0
LOC101928098	0	0	0	0	0	0
TMEM56	3	3	4	153	26	40
TMEM56-RWDD3	0	0	0	3	1	1
LOC101928118	2	0	0	1	1	2
RWDD3	18	10	3	31	39	18
LINC01760	0	0	0	0	0	0
LOC105378864	0	0	0	0	0	0
LOC105379825	0	0	0	0	0	0
LINC01650	0	0	0	0	0	0
LOC107985420	0	0	0	0	0	0
LINC01761	0	0	0	0	0	1
LINC02607	0	0	0	2	0	0
LOC101928219	2	0	0	0	1	1
LOC102723661	0	0	0	0	0	0
LINC01787	0	0	0	0	0	0
LOC105378866	0	0	0	0	0	0
PTBP2	69	52	13	124	253	91
DPYD	143	161	77	142	130	256
DPYD-AS1	0	0	0	0	0	1
LOC105378867	0	1	0	0	2	2
DPYD-AS2	0	1	0	2	3	2
LINC01930	0	0	0	0	0	0
MIR137HG	0	0	0	0	0	0
MIR2682	0	0	0	0	0	0
MIR137	0	0	0	0	0	0
LINC01776	0	0	0	0	0	0
SNX7	167	78	64	117	252	57
PLPPR5	0	0	2	0	1	3
LOC100129620	0	0	0	0	0	0
PLPPR4	10	8	4	22	16	36
LOC107985093	0	0	0	0	0	0
LINC01708	0	0	0	1	0	0
PALMD	178	156	66	50	188	21
FRRS1	129	110	65	155	514	296
AGL	168	103	55	433	1158	296
SLC35A3	507	351	450	609	1149	307
MFSD14A	254	236	151	462	1127	394
SASS6	17	15	9	55	197	99
TRMT13	80	48	38	91	237	105
LRRC39	0	0	0	6	2	0
DBT	266	165	122	254	724	264
RTCA-AS1	0	0	0	1	2	1
RTCA	139	80	59	125	201	160
MIR553	0	0	0	0	0	0
CDC14A	22	21	12	100	102	111
LOC105379827	1	0	0	2	1	1
GPR88	0	0	0	2	0	1
LINC01349	0	0	0	0	0	0
VCAM1	5	11	3	153	103	166
EXTL2	37	16	11	202	269	136
SLC30A7	26	27	8	80	147	84
DPH5	62	40	30	98	246	95
LOC102606465	3	4	4	5	40	18
LOC107985094	0	0	0	0	0	0
LOC101928334	0	0	0	1	2	1
LOC101928370	0	0	0	1	2	2
S1PR1	51	29	20	61	164	153
LOC102723784	0	0	0	0	0	0
LINC01307	0	0	0	0	0	0
LINC01709	0	0	0	0	0	0
OLFM3	0	0	0	0	1	0
DNAJA1P5	0	0	0	0	0	0
LOC107985095	0	0	0	0	0	0
LOC105378874	0	0	0	0	0	0
LOC112268286	0	0	0	0	0	0
LOC107985096	0	0	0	0	0	0
COL11A1	0	0	0	1054	495	980
LOC101928436	0	0	1	0	3	0
RNPC3	33	28	25	40	124	45
AMY2B	19	13	7	10	106	6
ACTG1P4	35	67	66	88	91	97
AMY2A	6	2	4	3	41	1
AMY1A	4	1	2	3	29	4
AMY1B	3	1	2	3	30	4
LOC105378878	0	0	0	0	0	0
AMY1C	4	1	2	3	26	4
LOC100129138	3	3	3	8	4	10
LOC105378879	0	0	0	0	0	0
LOC105378880	0	0	0	0	0	0
LOC105378881	0	0	0	0	0	0
LINC01676	2	0	0	0	0	0
LOC105378882	0	0	0	0	0	0
LOC105378883	0	0	0	0	0	0
LINC01677	0	0	0	0	0	0
LOC107985116	0	0	0	0	0	0
LOC105378886	0	0	0	0	0	0
LOC105378885	0	0	0	0	0	0
LOC105378887	0	0	0	0	0	0
LINC01661	0	0	0	0	0	0
LOC105378888	0	0	0	0	0	0
PRMT6	23	7	12	58	69	88
NTNG1	0	2	0	2	0	1
VAV3	1731	946	781	56	385	221
MIR7852	0	0	0	0	0	0
VAV3-AS1	0	0	0	0	1	0
LOC107985124	0	0	0	3	1	1
SLC25A24	193	93	61	265	781	770
NBPF4	4	3	1	1	1	2
NBPF6	2	1	2	0	2	3
FAM102B	71	26	16	189	536	459
HENMT1	5	2	0	32	2	79
LOC105378890	0	0	0	1	0	3
PRPF38B	28	26	12	82	135	125
FNDC7	0	0	0	1	0	0
STXBP3	166	129	67	206	461	361
LOC105378891	0	0	0	0	1	0
AKNAD1	3	0	2	0	0	0
SPATA42	0	0	0	0	0	0
LOC107985159	0	0	0	0	0	0
GPSM2	662	570	410	270	1431	972
CLCC1	20	16	17	39	60	91
WDR47	606	598	658	335	1256	541
TAF13	149	152	122	140	413	228
LOC105378892	0	0	0	1	0	0
TMEM167B	225	202	138	304	601	529
SCARNA2	2975	877	1136	1467	2609	1623
C1orf194	1	0	0	0	1	0
KIAA1324	3	10	6	143	330	16
SARS	506	498	411	692	1289	1079
CELSR2	165	172	50	207	777	1498
PSRC1	32	10	7	72	202	135
MYBPHL	2	1	0	0	4	0
SORT1	2742	2604	2324	774	1165	1004
PSMA5	299	243	164	355	742	647
SYPL2	0	0	0	2	0	1
ATXN7L2	10	7	3	24	32	30
CYB561D1	132	102	74	43	257	246
AMIGO1	10	11	10	31	119	37
LOC105378893	0	0	0	0	0	0
GPR61	0	0	2	0	0	2
GNAI3	1391	1131	886	657	2038	1473
MIR197	3	2	0	0	4	0
GNAT2	5	11	0	4	10	5
AMPD2	25	8	13	98	140	201
GSTM4	149	77	43	391	1374	78
GSTM2	104	46	36	671	1705	104
GSTM1	68	23	22	333	929	49
GSTM5	20	6	7	37	132	11
GSTM3	333	128	240	2798	5232	684
EPS8L3	0	0	0	0	0	0
LINC01768	0	0	0	0	0	0
CSF1	14	12	3	54	36	131
AHCYL1	595	520	278	761	1259	1342
STRIP1	116	119	55	119	279	307
LOC105378895	0	0	0	0	0	0
ALX3	7	3	1	17	9	12
LINC01397	0	0	0	0	0	0
UBL4B	0	0	0	0	1	0
SLC6A17	0	1	0	1	0	5
LOC105378897	0	0	0	0	0	0
LINC02586	1	0	0	1	0	0
KCNC4	6	3	2	9	14	43
RBM15-AS1	0	0	1	0	0	2
LOC112268233	5	1	0	4	18	9
RBM15	41	50	17	171	265	288
SLC16A4	3	7	2	81	33	44
LAMTOR5	274	284	214	372	540	540
LAMTOR5-AS1	2	0	2	2	0	2
PROK1	0	0	0	1	0	0
LOC105378899	0	0	0	0	0	0
LOC105378898	0	0	0	0	0	0
CYMP	0	0	0	0	0	0
CYMP-AS1	0	0	0	0	0	1
KCNA10	0	0	0	0	0	0
KCNA2	12	1	0	3	1	2
LOC107985174	0	0	0	1	0	0
KCNA3	14	12	5	35	12	62
LOC105378901	0	0	0	0	0	0
CD53	81	25	13	162	135	911
LRIF1	65	38	25	158	257	97
DRAM2	132	88	61	207	528	232
CEPT1	167	162	78	219	610	261
DENND2D	348	253	187	141	493	185
LOC107985180	0	0	1	0	0	0
CHI3L2	2	0	0	0	1	7
CHIAP2	0	0	0	0	0	1
CHIA	0	0	0	0	0	0
LOC105378903	0	0	0	0	0	0
PIFO	11	0	0	2	5	0
LOC105378904	0	0	0	0	1	1
PGCP1	0	0	0	0	0	0
OVGP1	1	0	0	5	9	1
WDR77	120	99	69	201	528	264
ATP5PB	1965	1364	1050	919	3472	1473
C1orf162	8	8	2	23	29	87
TMIGD3	3	0	1	4	5	28
ADORA3	3	1	1	6	5	14
RAP1A	412	331	299	393	598	471
LINC01160	0	0	0	0	0	9
LOC107985184	1	0	1	2	2	4
INKA2	25	22	13	64	208	63
INKA2-AS1	0	0	0	0	0	0
LOC101928718	0	0	0	0	0	1
DDX20	87	39	40	149	292	238
KCND3	18	15	3	21	45	21
KCND3-IT1	0	0	0	0	0	0
KCND3-AS1	0	0	0	0	0	0
LINC01750	0	0	1	0	1	2
LOC105378906	0	0	0	0	0	0
LOC105378909	3	1	1	2	0	2
CTTNBP2NL	818	1025	791	359	1287	546
MIR4256	0	0	0	0	0	0
WNT2B	64	33	23	150	288	108
ST7L	52	30	41	85	159	162
CAPZA1	2248	1737	1467	1278	3717	2078
MOV10	289	202	119	355	905	386
RHOC	125	174	94	470	901	630
PPM1J	20	15	9	25	53	45
LOC105378910	0	0	0	0	0	1
TAFA3	0	1	0	0	2	2
LINC01356	0	0	0	6	2	1
HP08777	0	0	0	1	0	0
LOC105378911	0	0	1	1	4	1
SLC16A1	154	105	53	1638	3524	1159
AKR7A2P1	7	7	0	5	6	5
SLC16A1-AS1	2	1	2	5	15	14
LOC107985189	0	0	0	4	4	2
LOC100996251	0	0	0	5	2	4
LRIG2	94	64	23	177	389	261
LOC643441	1	0	2	0	1	0
MAGI3	68	106	94	66	141	114
PHTF1	7	9	4	57	71	60
RSBN1	255	201	119	267	604	349
AP4B1-AS1	1	2	2	2	2	2
PTPN22	83	68	30	54	49	152
BCL2L15	12	12	7	2	8	6
AP4B1	150	209	124	40	83	102
DCLRE1B	20	41	12	29	113	110
HIPK1-AS1	2	0	0	2	1	0
HIPK1	1300	1530	910	1140	1644	1578
OLFML3	13	7	6	64	121	195
SYT6	0	0	0	1	1	1
LOC107985443	0	0	0	0	0	0
TRIM33	252	237	100	365	771	518
LOC105378913	0	0	0	0	1	0
BCAS2	101	85	49	156	403	279
LOC105378914	0	2	0	1	0	0
DENND2C	2049	1829	1365	343	1864	366
AMPD1	6	4	8	0	0	2
NRAS	606	452	330	661	1471	1218
CSDE1	1015	1083	711	1579	3402	2793
SIKE1	375	242	146	485	1126	858
SYCP1	0	0	0	0	3	2
LOC105378915	0	0	0	0	0	0
TSHB	1	0	0	0	0	0
TSPAN2	21	7	3	19	57	62
LINC01765	0	0	0	0	0	0
LOC105378917	0	0	0	0	0	0
NGF-AS1	0	0	0	0	0	0
NGF	0	0	0	6	2	3
LOC112268234	0	0	0	0	0	0
LOC112268287	0	0	0	1	0	0
VANGL1	244	238	78	287	927	461
CASQ2	2	3	0	5	11	9
NHLH2	12	31	8	0	0	2
LINC01649	0	0	0	0	0	0
LOC101928977	0	0	0	0	0	0
SLC22A15	49	62	32	48	119	65
MAB21L3	208	190	127	3	175	6
LOC105378918	2	0	0	0	4	1
LINC01779	0	0	0	0	0	0
LOC105378919	0	0	0	0	0	0
LOC105378920	0	0	0	1	1	1
ATP1A1	1689	1695	844	3001	6627	5889
ATP1A1-AS1	0	1	0	0	3	2
LINC01762	0	0	0	0	0	0
LOC112268235	0	0	0	7	10	6
CD58	124	82	54	140	553	265
LOC105378925	0	0	0	3	2	4
MIR548AC	0	0	0	0	0	0
IGSF3	219	264	86	760	1390	1830
LOC105378924	8	6	7	7	11	6
MIR320B1	0	0	0	0	0	0
C1orf137	0	0	0	0	3	1
LOC105378926	0	3	0	0	2	0
CD2	18	5	4	12	10	37
LOC105378927	0	1	0	2	4	3
PTGFRN	46	58	30	389	725	1048
CD101	14	9	1	23	21	17
LOC101929099	1	1	1	1	1	10
TTF2	45	31	24	248	476	397
MIR942	0	0	0	0	0	0
TRIM45	5	3	4	47	96	36
VTCN1	0	0	0	78	364	2
LINC01525	0	0	0	0	0	0
MAN1A2	725	569	333	988	2378	987
LOC100996263	0	0	0	0	0	0
TENT5C	60	21	16	116	50	233
LOC105378929	3	0	1	0	11	0
GDAP2	286	228	139	328	851	393
WDR3	76	66	20	132	299	357
SPAG17	442	270	169	35	54	24
LOC105378930	0	0	0	0	0	0
LOC107985447	0	0	0	0	0	0
TBX15	0	0	0	46	3	12
LOC105378933	0	0	0	1	1	0
LOC107985191	0	0	0	0	0	0
WARS2	65	81	45	88	309	121
WARS2-IT1	0	2	0	1	5	2
WARS2-AS1	5	1	2	10	35	22
LOC107985192	0	0	0	0	0	1
LINC01780	0	0	0	0	0	1
HAO2	0	0	0	0	0	1
HAO2-IT1	0	0	0	0	0	0
HSD3B2	0	0	0	0	0	0
LOC105378935	0	0	0	2	0	0
HSD3B1	0	0	0	0	0	0
HSD3BP4	0	0	1	1	3	2
LINC00622	0	1	0	5	5	4
ZNF697	4	10	4	76	169	147
LOC105378937	0	0	0	0	0	0
PHGDH	454	271	236	717	783	477
LOC105378936	1	2	0	15	16	4
HMGCS2	6	4	26	0	0	0
REG4	0	0	0	0	0	0
LOC105378938	3	3	2	5	8	6
NBPF7	5	6	2	10	8	5
ADAM30	0	0	0	0	0	0
NOTCH2	464	590	257	551	1091	1408
LOC101929178	1	1	0	0	0	0
LOC105378939	1	0	0	0	0	3
LOC105378940	0	0	0	0	0	0
SEC22B	234	193	141	296	493	482
LOC107985522	3	3	3	21	23	10
LOC105378941	1	0	0	4	5	3
LOC105378954	20	13	10	33	27	53
LOC101929788	0	0	1	1	1	1
NBPF8	252	253	147	341	510	357
LOC107985523	1	2	0	3	11	5
PFN1P2	3	13	4	28	31	26
LOC100996724	34	36	17	115	138	326
LOC107985524	4	0	3	8	8	12
LOC105378944	1	0	0	0	0	0
LOC105378943	0	2	0	1	1	1
NOTCH2NLR	128	149	110	100	205	179
NBPF26	490	475	309	483	652	526
TRNAN-GUU_1	6	21	18	8	6	8
RNVU1-19	12019	4145	2108	6726	12526	4520
PPIAL4A	166	141	126	221	346	211
LINC00623	13	13	7	31	29	18
LOC100996720	4	5	2	9	15	15
RNVU1-4	0	5	1	3	4	6
TRNAN-GUU_2	0	0	2	3	0	2
LOC105369199	11	5	3	11	6	9
LOC101929798	6	7	0	18	18	13
TRNAG-CCC_1	17	125	83	109	45	105
TRNAV-CAC	132	455	575	302	163	334
TRNAN-GUU_3	0	0	0	0	0	0
FCGR1B	6	5	2	19	18	110
LOC100996318	14	13	8	1	2	4
HIST2H2BA	36	20	11	89	111	83
FAM72B	23	18	9	70	290	141
SRGAP2C	183	99	39	343	544	331
LOC107985193	6	4	1	26	57	17
SRGAP2-AS1	2	1	0	3	5	7
LOC107985194	0	0	0	4	3	1
EMBP1	73	36	18	176	142	116
LINC01691	0	0	0	4	1	1
LOC101929814	0	1	0	3	0	0
LOC105371172	4	8	2	0	0	0
LOC105371175	54	66	52	12	18	9
LOC107985200	23	8	29	61	24	97
LOC107985201	3	4	2	17	12	25
LOC101927452	0	3	0	1	1	0
LOC112268275	0	0	0	0	0	0
LOC112268273	0	0	0	1	1	1
TRQ-CTG4-2	23	24	84	15	0	19
RNVU1-17	31	43	63	185	70	238
RNVU1-18	591061	306387	276597	665177	503057	667136
TRN-GTT6-1	1	2	1	2	0	0
LOC105369140	4	3	4	6	3	2
TRV-CAC8-1	0	1	18	0	0	3
TRV-CAC4-1	109	415	494	263	106	260
LOC199882	0	1	0	1	2	2
TRN-GTT12-1	0	0	3	5	0	8
FCGR1CP	3	0	0	19	15	101
HIST2H3PS2	185	86	61	283	370	354
LOC105371209	0	0	0	0	0	0
FAM72C	22	19	10	69	295	131
SRGAP2D	123	58	32	182	283	175
LOC105371207	4	8	4	0	0	0
LOC105371206	51	70	45	10	15	10
LOC100996732	29	12	29	74	49	121
LOC101060524	0	0	0	0	0	0
CH17-125A10.2	0	3	0	3	0	0
LOC105371196	0	0	0	0	0	0
PPIAL4E	132	115	79	181	268	177
LOC105373467	1	3	0	1	3	1
RNVU1-15	0	0	0	0	0	0
TRN-GTT3-1	17	62	54	40	11	28
NBPF15	185	247	135	256	387	271
LOC105371211	1	0	1	2	6	0
RNVU1-11	200158	103527	63565	211358	170218	188983
LOC105379574	246134	137096	136240	322892	201604	434227
TRN-GTT3-2	25	76	64	42	18	35
PPIAL4F	143	138	91	193	329	175
LINC01632	0	3	0	1	1	0
LOC105371214	0	0	0	0	0	0
LOC105371215	0	0	0	0	0	0
LOC101927429	1	6	3	11	15	29
DRD5P2	0	0	0	0	0	0
LSP1P5	27	11	28	76	30	98
LOC105371216	51	67	44	12	18	11
LOC105371217	4	9	5	0	0	0
LOC107985528	1	0	1	11	5	24
SRGAP2B	201	103	56	370	552	341
LOC107985595	1	1	0	6	18	8
FAM72D	21	19	10	72	293	139
LOC105371219	0	0	6	1	0	0
TRNAN-GUU_4	0	0	0	0	0	0
LOC101929805	0	3	0	1	2	2
TRNAV-CAC_1	0	3	5	2	2	1
TRNAV-CAC_2	0	1	18	0	0	3
LINC01145	27	13	5	32	52	29
LOC100996740	7	5	5	14	21	29
PPIAL4D	139	122	78	178	303	152
RNVU1-14	47	41	49	81	60	71
TRN-GTT2-1	32	85	114	76	40	60
NBPF20	628	736	530	763	967	773
LOC105371312	10	15	7	33	38	32
LOC105371288	0	0	0	1	0	0
TRNAQ-CUG	24	26	84	15	1	19
TRNAN-GUU_5	1	2	0	0	0	0
LOC101060254	3	6	2	41	17	35
NBPF25P	152	181	107	191	296	197
GPR89A	155	109	67	295	377	212
PDZK1	1	1	0	7	15	1
CD160	0	1	0	3	3	0
RNF115	127	71	67	253	325	217
POLR3C	74	58	45	123	220	112
NUDT17	3	7	5	18	9	6
PIAS3	91	75	30	255	138	168
MIR6736	0	0	0	0	0	0
ANKRD35	21	16	12	5	2	9
LOC107985593	0	1	0	1	0	0
ITGA10	3	5	3	6	4	12
PEX11B	147	128	59	90	130	110
GNRHR2	9	4	4	7	8	8
RBM8A	203	205	127	280	315	256
LIX1L-AS1	1	0	0	1	0	0
LIX1L	51	34	15	179	113	120
POLR3GL	11	4	3	11	5	36
ANKRD34A	3	1	0	0	1	2
TXNIP	544	529	460	613	1745	1442
HJV	0	0	0	0	0	0
TRE-CTC1-1	727	1199	3059	288	270	1296
TRG-TCC2-1	521	1405	2150	755	451	1271
TRH-GTG1-1	119	461	794	249	129	398
TRK-CTT2-1	227	540	1094	388	187	880
LOC107985594	0	1	0	2	4	1
RNVU1-6	38	16	22	17	16	104
LINC01719	1	2	0	23	6	8
NBPF10	612	726	483	510	886	632
NOTCH2NLA	336	335	239	245	467	325
LOC105371254	1	1	1	0	2	6
NUDT4P2	237	186	116	414	960	441
LOC102724364	291709	132960	90711	246511	257634	131925
PPIAL4H	71	72	62	100	164	98
TRNAN-GUU_6	2	5	21	10	1	20
LOC112268274	66	30	15	11	62	21
LOC100996756	20	23	14	6	24	13
LOC105371235	4	0	2	3	0	1
LOC105371233	0	0	1	1	0	0
LOC107985591	0	0	0	2	3	0
HYDIN2	4	0	2	27	16	22
NBPF12	364	319	216	525	675	494
LOC728989	1	1	0	2	6	9
LOC105371231	0	1	0	1	1	0
TRH-GTG1-2	98	464	786	225	114	352
RNVU1-8	42	36	20	142	187	65
NBPF13P	1	0	2	2	4	0
PRKAB2	24	21	14	226	224	305
CHD1L	79	80	41	331	310	232
PDIA3P1	90	97	61	484	479	458
FMO5	97	92	59	179	209	161
LINC00624	0	0	0	0	0	0
BCL9	37	44	9	126	104	127
ACP6	41	45	24	78	54	25
LOC102723321	0	0	0	0	0	0
LOC105371230	0	0	0	0	0	0
GJA5	3	3	1	125	116	120
GJA8	0	0	0	0	0	0
LOC105371229	0	0	0	2	2	1
GPR89B	156	111	66	288	358	197
PDZK1P1	1	1	0	8	10	1
LOC105371228	0	1	2	5	3	1
TRQ-CTG3-2	24	26	84	15	1	20
RNVU1-7	588907	303943	276598	663651	499377	665511
TRN-GTT9-2	0	0	0	0	0	1
PDE4DIPP1	2	2	3	8	12	26
NBPF11	206	205	112	299	375	265
LOC105371227	0	0	0	0	0	0
LOC100505824	0	0	0	0	0	0
LOC101927468	1	0	2	9	0	4
TRQ-CTG4-1	23	25	88	14	0	20
LINC01731	2	1	0	0	0	1
LOC284561	0	1	0	34	8	3
TRH-GTG1-3	0	0	0	0	0	0
LOC105371225	1	1	0	0	0	1
TRH-GTG1-4	0	0	0	0	0	0
TRQ-CTG7-1	0	0	1	2	0	0
MIR5087	2	0	0	1	0	0
RNVU1-1	51305	38934	19526	69973	81361	48818
MIR6077	0	0	0	0	0	0
LOC100132057	5	3	2	8	4	7
RNVU1-3	0	1	1	5	2	3
LOC107985525	1	0	0	3	2	2
LINC01138	30	14	18	67	55	83
LOC105371224	26	34	15	140	179	129
PPIAL4G	402	304	219	424	735	349
TRN-GTT7-1	18	48	72	43	17	39
NBPF14	627	701	442	477	900	600
NOTCH2NLB	470	485	317	384	786	485
LOC105371223	0	1	0	0	1	6
LOC105371222	0	0	0	0	0	0
NUDT4B	238	182	117	413	961	436
SEC22B3	147	118	80	196	382	335
PDE4DIP	73	59	37	192	258	511
LOC112268272	5	2	1	15	11	22
NBPF9	249	282	173	298	383	284
LOC101929790	0	0	1	1	1	0
LOC102723348	2	0	2	2	2	1
LOC653513	1	2	1	8	7	46
SEC22B2	147	117	80	195	378	333
LOC105371403	1	1	1	0	1	0
NOTCH2NLC	452	519	319	417	862	526
LOC107985526	1	8	4	11	37	7
NBPF19	1371	1356	988	1119	1667	1126
TRNAN-GUU_7	2	4	1	0	1	0
PPIAL4C	451	348	228	479	815	400
LINC00869	70	50	25	160	152	159
TRN-GTT11-2	0	0	2	3	0	2
LOC112268236	1	2	1	3	2	4
LOC644634	4	5	1	5	7	8
TRNAV-CAC_3	0	0	0	0	0	0
TRV-CAC5-1	145	452	581	277	141	332
LOC102723955	0	3	0	1	2	2
LOC105371406	0	0	6	1	0	0
TRN-GTT8-1	0	0	0	0	0	0
FCGR1A	8	4	4	20	22	133
HIST2H2BF	111	48	45	213	291	258
LOC112268237	7	6	6	2	2	2
HIST2H3D	329	112	83	459	611	574
HIST2H4A	980	403	339	1257	1420	2263
HIST2H3C	908	290	230	1333	1837	1811
HIST2H2AA3	1526	493	498	1958	3449	2988
HIST2H2BC	11	12	7	56	48	37
HIST2H2AA4	1524	495	494	1955	3450	2976
HIST2H3A	907	293	230	1334	1839	1811
LOC112268238	40	40	24	168	364	225
HIST2H4B	979	401	340	1259	1428	2268
HIST2H2BE	99	65	50	312	378	301
HIST2H2AC	1076	399	391	1314	1804	1684
HIST2H2AB	246	108	88	383	575	309
BOLA1	48	26	16	25	65	29
SV2A	3	1	0	78	13	11
SF3B4	161	115	80	356	371	304
MTMR11	57	42	12	78	92	81
OTUD7B	58	85	56	223	337	192
LOC105371427	0	0	1	1	0	2
VPS45	93	100	73	146	269	193
PLEKHO1	11	4	3	85	75	122
LOC105371433	0	0	0	0	0	0
ANP32E	126	130	46	576	667	526
CA14	2	3	3	4	13	2
SNORD13C	0	0	1	0	0	0
APH1A	1151	744	666	900	1413	686
C1orf54	13	2	6	37	47	123
CIART	7	63	67	47	93	31
LOC105371434	0	0	1	0	0	0
MRPS21	291	219	189	386	323	304
PRPF3	8	18	5	56	43	47
RPRD2	335	279	191	352	919	443
TARS2	120	154	103	140	291	235
MIR6878	0	0	0	0	0	0
ECM1	20260	35333	33957	268	4314	575
FALEC	7	19	11	1	1	1
LOC100289061	0	6	1	2	7	0
ADAMTSL4	261	385	246	43	414	48
LOC107983947	1	3	3	1	2	1
MIR4257	1	2	1	0	0	0
ADAMTSL4-AS1	5	9	1	7	15	2
MCL1	2214	1764	1159	2392	4301	2133
LOC107985203	0	2	1	0	0	0
ENSA	2318	1700	1370	1045	2214	1024
LOC112268239	1	0	0	3	1	0
GOLPH3L	977	590	649	363	762	225
HORMAD1	34	33	0	42	297	1
CTSS	433	390	184	470	868	3839
CTSK	72	17	24	1140	779	3102
ARNT	146	145	101	287	292	343
CTXND2	0	0	0	0	0	0
LOC107985204	0	0	0	0	0	0
SETDB1	63	45	24	176	212	182
CERS2	27	37	12	308	379	331
LOC105371438	0	0	0	0	0	0
ANXA9	331	459	594	18	184	15
MINDY1	572	400	312	35	116	62
PRUNE1	382	196	137	337	410	247
BNIPL	460	461	441	65	144	34
C1orf56	16	5	1	16	31	12
CDC42SE1	296	261	156	605	927	554
MLLT11	41	29	29	286	310	29
GABPB2	51	40	13	32	149	71
SEMA6C	9	11	6	70	97	16
LYSMD1	57	46	31	71	153	32
TNFAIP8L2-SCNM1	0	0	0	0	0	0
TNFAIP8L2	2	0	1	5	7	31
SCNM1	5	2	2	9	19	7
TMOD4	0	0	0	1	3	2
VPS72	32	34	27	75	117	71
PIP5K1A	184	241	221	475	545	394
PSMD4	383	380	313	671	898	723
ZNF687-AS1	0	1	0	2	2	0
ZNF687	181	157	93	230	334	216
PI4KB	372	346	252	444	615	435
RFX5	82	49	27	178	284	206
GBAT2	1	0	0	3	0	1
SELENBP1	121	30	41	34	46	39
PSMB4	616	473	316	1263	2052	1057
POGZ	92	103	31	433	534	360
CGN	14	42	18	56	70	65
TUFT1	107	488	437	524	399	225
MIR554	1	1	2	2	1	0
SNX27	72	60	34	323	383	317
CELF3	0	0	0	0	1	0
RIIAD1	0	0	0	0	0	0
MRPL9	38	26	17	105	155	76
OAZ3	3	5	3	2	2	1
TDRKH	11	8	2	62	14	67
TDRKH-AS1	0	1	0	1	4	5
LINGO4	0	0	0	0	0	0
RORC	117	78	71	0	4	3
C2CD4D	5	6	8	2	6	6
C2CD4D-AS1	14	6	7	19	90	22
THEM5	2	8	4	9	9	9
THEM4	30	20	14	233	131	49
S100A10	5948	7346	6944	3090	4316	3406
LOC105371441	69	65	43	45	77	21
LOC105371442	0	0	0	0	0	0
NBPF18P	0	0	1	3	3	5
S100A11	6376	6616	5298	3537	6202	2698
LOC101927949	0	0	0	4	3	2
LOC100131107	1	0	0	1	1	3
TCHHL1	0	0	0	0	3	1
TCHH	0	0	0	1	0	3
RPTN	30	19	36	5	132	5
LOC112268240	18	17	23	1	20	1
HRNR	14	31	36	8	225	21
FLG	1530	4671	19798	46	1150	77
FLG-AS1	145	170	253	5	73	8
FLG2	15	34	26	1	103	10
CRNN	23752	50175	45709	0	51	0
LCE5A	0	0	1	0	0	0
CRCT1	5148	8941	16502	0	18	103
LCE3E	44	173	895	0	1	29
LCE3D	20	461	2952	0	6	101
LCE3C	0	3	21	0	0	1
LCE3B	0	0	11	0	0	0
LCE3A	2	4	20	0	0	1
LINC00302	0	0	0	0	0	0
LCE2D	0	0	0	0	0	1
LCE2C	0	0	0	0	0	3
LCE2B	0	0	0	0	0	1
LCE2A	0	0	0	1	0	0
LCE4A	0	0	0	0	0	0
C1orf68	0	0	0	0	0	1
KPRP	83	210	283	1	6	6
LCE1F	0	0	0	0	0	4
LCE1E	0	0	0	0	0	1
LCE1D	0	0	0	0	0	0
LCE1C	0	0	2	0	0	1
LCE1B	0	2	2	0	0	1
LCE1A	0	0	0	0	0	0
LCE6A	0	0	0	0	0	0
LOC105371444	0	0	0	1	0	1
LOC105371445	0	0	0	0	0	0
SMCP	0	0	0	0	0	1
IVL	2400	3066	878	252	609	53
LINC01527	6	23	13	2	20	5
SPRR4	7	30	10	8	133	5
SPRR1A	2946	7876	5484	802	2005	348
SPRR3	229619	313037	328120	3764	14754	1305
LOC105371446	79	84	161	3	8	6
SPRR1B	1298	9052	4547	1786	943	1209
SPRR2D	1075	16459	6311	394	322	980
SPRR2A	2925	23773	9396	444	262	706
SPRR2B	970	10091	4137	176	125	428
SPRR2E	1793	16088	7832	156	122	1005
SPRR2F	295	5349	2128	92	73	242
SPRR2C	130	2091	1008	24	31	85
SPRR2G	331	2580	1002	35	23	169
LOC101928009	2	7	1	0	0	0
LELP1	0	0	0	0	0	0
PRR9	0	0	0	0	1	1
LOR	0	1	1	1	0	0
PGLYRP3	252	322	287	51	140	74
PGLYRP4	51	45	54	20	11	45
S100A9	145856	153906	147141	679	720	4440
S100A12	173	163	157	1	7	91
S100A8	111425	104310	86694	211	180	3415
S100A7A	25	64	5	1	1	321
S100A7	191	304	23	5	2	786
S100A6	3830	5475	4486	5806	7325	2489
S100A5	1	0	0	6	13	1
S100A4	171	186	107	248	1030	480
LOC101928034	3	0	1	2	4	1
S100A3	8	7	4	10	32	8
S100A2	3210	2287	1879	1866	4849	1517
S100A16	15140	16770	13672	1954	4630	1489
S100A14	15879	14105	12249	182	3548	594
S100A13	177	186	135	166	319	238
S100A1	3	8	2	4	11	0
CHTOP	190	143	136	280	464	300
SNAPIN	221	122	111	296	450	188
ILF2	793	595	407	1892	2019	1298
TRX-CAT1-1	40	144	167	126	58	225
NPR1	10	5	5	11	13	20
MIR8083	0	0	0	0	0	0
INTS3	103	93	40	302	423	408
SLC27A3	2	8	8	50	30	58
LOC343052	0	0	0	0	0	0
LOC105371448	0	1	0	1	3	1
GATAD2B	88	94	57	244	268	211
LOC101928059	0	0	0	0	0	0
DENND4B	66	36	23	147	170	157
CRTC2	52	69	62	122	166	114
SLC39A1	301	241	166	646	824	659
MIR6737	0	0	0	0	0	0
CREB3L4	17	8	11	19	34	16
JTB	416	333	276	643	977	601
RAB13	69	115	71	192	248	180
RPS27	3071	2055	1593	3969	4444	2426
NUP210L	1	0	0	3	4	0
MIR5698	0	0	0	0	0	0
TPM3	142	202	76	506	830	1019
MIR190B	0	0	0	0	0	0
C1orf189	0	0	0	0	0	0
C1orf43	1368	1039	907	1740	3056	1414
UBAP2L	66	66	38	229	369	329
SNORA58B	24	114	305	275	74	515
HAX1	391	310	205	520	763	497
AQP10	0	0	0	4	7	2
ATP8B2	23	10	6	266	138	403
IL6R-AS1	0	0	0	2	1	2
IL6R	21	15	15	35	129	106
SHE	4	4	1	9	10	7
TDRD10	1	0	0	3	0	0
UBE2Q1	93	92	70	180	304	224
UBE2Q1-AS1	0	0	0	0	1	0
LOC107985206	0	0	0	0	1	0
CHRNB2	6	5	1	6	2	1
ADAR	428	322	180	1279	1935	2238
KCNN3	6	3	2	23	25	23
LOC105371449	0	0	0	4	4	0
PMVK	198	168	131	93	173	74
PBXIP1	53	57	39	148	193	166
PYGO2	268	188	138	522	854	417
LOC101928120	1	2	1	4	3	1
SHC1	434	408	238	1280	1598	932
CKS1B	138	74	54	471	1075	439
MIR4258	0	0	0	0	0	0
FLAD1	131	106	66	286	448	256
LENEP	0	1	0	1	0	0
ZBTB7B	702	791	507	174	449	234
DCST2	2	0	1	0	3	2
DCST1	0	0	1	1	0	0
DCST1-AS1	8	12	6	3	5	4
ADAM15	1552	1195	939	348	1509	704
EFNA4	44	46	41	52	81	59
EFNA3	25	38	20	22	23	23
EFNA1	65	71	41	219	600	174
SLC50A1	289	192	135	510	498	318
DPM3	37	38	48	80	157	85
KRTCAP2	103	135	100	260	311	215
TRIM46	1	11	1	11	1	8
MUC1	180	866	182	68	140	14
MIR92B	0	0	0	0	0	1
THBS3	74	48	33	69	122	155
LOC105371450	1	2	2	1	1	1
MTX1	160	147	104	281	480	214
GBAP1	139	373	219	186	411	265
GBA	296	737	449	354	743	531
FAM189B	82	72	42	213	229	144
SCAMP3	171	172	124	316	398	292
CLK2	38	36	19	76	83	88
HCN3	6	15	4	13	12	13
PKLR	1	0	0	0	1	0
FDPS	355	282	166	541	713	443
RUSC1-AS1	2	2	1	19	9	9
RUSC1	251	231	170	215	484	204
ASH1L	356	273	170	668	1142	770
MIR555	0	0	0	0	0	0
POU5F1P4	0	0	1	2	0	0
ASH1L-AS1	6	6	2	13	33	14
LOC101929703	3	0	0	5	3	5
LOC105371452	0	0	0	0	0	0
MSTO1	77	70	42	265	226	150
YY1AP1	282	305	320	332	475	321
SCARNA26A	16	18	10	29	47	12
DAP3	152	130	131	382	535	278
LOC100505728	1	0	0	1	1	0
MSTO2P	33	42	22	116	86	53
GON4L	155	125	131	253	449	261
SCARNA26B	104	93	94	156	167	139
SYT11	8	5	6	145	63	110
RIT1	291	338	262	687	790	245
KHDC4	52	48	33	274	234	187
SNORA80E	78	145	469	391	84	1340
SCARNA4	283	530	868	1493	490	2514
LOC107985207	0	0	0	0	0	1
RXFP4	0	0	0	0	1	0
ARHGEF2	27	57	40	147	118	157
MIR6738	0	0	0	0	0	0
LOC107985209	0	0	1	1	0	2
LOC107985210	0	0	0	0	0	0
LOC107985208	0	0	0	0	0	0
SSR2	547	400	273	1014	1089	966
LOC105371729	0	0	1	4	0	3
UBQLN4	119	135	93	251	291	276
LAMTOR2	164	138	108	135	207	161
RAB25	3703	2950	2586	626	1594	330
MEX3A	6	12	1	91	21	30
LMNA	1729	1591	1073	2685	2875	2747
SEMA4A	598	485	382	377	613	328
SLC25A44	13	19	10	106	116	99
PMF1-BGLAP	0	0	0	0	0	0
PMF1	72	54	46	76	106	55
BGLAP	0	0	0	0	0	0
PAQR6	2	1	0	2	1	0
SMG5	236	282	178	598	813	534
TMEM79	567	475	359	81	222	128
GLMP	228	318	270	271	536	356
VHLL	0	0	0	0	0	0
CCT3	75	80	38	358	438	482
TSACC	0	1	0	3	1	2
RHBG	41	11	18	2	4	0
C1orf61	1	0	1	3	3	2
MIR9-1	0	0	0	0	0	0
MEF2D	118	139	108	161	248	175
IQGAP3	15	11	7	86	202	133
TTC24	0	0	1	0	1	2
NAXE	160	148	119	368	558	208
GPATCH4	0	2	1	29	39	20
HAPLN2	0	0	0	0	0	0
LOC101928177	0	0	0	0	0	0
LOC105371453	0	0	2	1	106	33
BCAN	0	0	0	0	0	0
NES	3	5	5	21	50	75
CRABP2	2487	1405	1104	92	40	118
ISG20L2	114	87	63	240	451	302
RRNAD1	89	70	64	93	188	95
MRPL24	88	70	69	183	292	159
HDGF	1298	1245	943	2102	4592	2464
PRCC	362	214	151	380	707	382
SH2D2A	5	5	2	20	13	32
NTRK1	0	0	0	1	0	1
INSRR	0	0	0	0	0	0
PEAR1	8	4	6	11	49	52
LRRC71	0	0	0	0	0	0
ARHGEF11	90	123	113	173	221	236
MIR765	0	0	0	0	0	0
LOC102724222	0	0	0	0	0	0
ETV3L	11	13	10	9	34	13
ETV3	274	331	178	433	843	370
CYCSP52	0	0	1	0	1	2
LOC107985211	0	0	0	7	11	0
LOC105371456	0	0	0	0	0	0
LOC105371455	0	0	0	0	0	0
LOC101928202	0	0	0	0	0	0
FCRL5	2	0	0	18	3	22
FCRL4	0	0	0	0	1	0
LOC105371457	0	0	0	0	0	0
FCRL3	0	0	0	1	3	19
FCRL2	0	0	0	2	3	8
FCRL1	0	0	0	0	9	3
CD5L	0	1	0	0	0	0
LOC105371458	0	0	0	0	0	0
LOC105371459	0	0	0	0	0	0
KIRREL1	84	61	26	507	837	411
KIRREL1-IT1	0	0	1	0	6	0
LINC01704	0	0	0	0	2	0
LOC105371460	0	0	0	0	0	0
CD1D	2	3	1	18	6	14
CD1A	25	36	14	4	18	5
CD1B	3	4	1	3	0	6
CD1C	19	22	7	5	18	15
CD1E	34	37	26	9	12	16
OR10T2	0	0	0	0	0	0
OR10K2	0	0	0	0	0	0
LOC107985212	0	0	0	0	0	0
OR10K1	0	0	0	0	0	0
LOC107985213	0	0	0	0	0	0
OR10R2	0	0	0	0	0	0
OR6Y1	0	0	0	0	0	0
OR6P1	0	0	0	0	0	0
OR10X1	0	0	0	0	0	0
OR10Z1	0	0	0	0	0	0
SPTA1	0	0	0	1	0	0
OR6K2	0	0	0	0	0	0
OR6K3	0	0	0	0	0	0
OR6N1	0	1	0	0	1	1
OR6K6	0	0	0	0	0	0
OR6N2	0	0	0	0	0	0
MNDA	6	9	0	18	13	86
PYHIN1	8	6	0	12	10	20
IFI16	875	719	245	2659	6576	2198
PYDC5	0	0	0	0	0	0
LOC105371461	0	0	0	0	0	0
AIM2	11	0	1	13	42	33
TRR-TCT4-1	0	0	1	0	1	3
CADM3	2	2	0	1	10	1
CADM3-AS1	0	0	1	0	1	0
ACKR1	60	29	17	4	41	46
FCER1A	86	65	47	1	9	9
OR10J3	0	0	0	0	0	0
OR10J1	0	0	0	0	0	0
OR10J4	0	0	0	0	0	0
LOC105371462	0	0	0	1	0	1
OR10J5	0	0	0	0	0	0
LOC107985215	0	0	0	0	0	0
APCS	0	0	0	0	0	0
CRP	0	0	0	0	0	0
LOC101928264	1	0	1	0	0	2
DUSP23	113	78	74	35	126	122
LOC105371464	0	0	0	0	1	4
FCRL6	2	0	0	1	1	9
LOC107985217	1	0	0	0	0	7
SLAMF8	6	2	6	51	36	254
SNHG28	1	1	0	1	0	1
VSIG8	80	98	105	1	0	9
LOC107985216	9	12	6	0	4	2
CFAP45	8	2	2	2	0	1
MIR4259	0	0	0	0	0	0
TAGLN2	2310	2277	1480	4028	8971	5184
IGSF9	18	13	11	169	115	115
SLAMF9	1	7	2	29	100	37
LINC01133	28	17	13	115	143	22
PIGM	74	57	21	94	136	117
KCNJ10	1	0	0	1	3	6
KCNJ9	0	0	0	1	2	0
IGSF8	90	81	65	151	150	177
ATP1A2	1	5	3	1	5	3
ATP1A4	0	0	0	0	4	0
CASQ1	0	2	0	1	0	0
LOC729867	4	3	3	3	2	2
PEA15	1239	1750	1589	922	1193	1173
DCAF8	328	279	197	419	624	477
LOC100287049	1	0	0	2	1	2
PEX19	299	269	193	330	587	361
LOC107985219	1	0	0	0	0	0
COPA	1092	941	631	1511	2435	2043
SUMO1P3	61	67	43	126	187	154
NCSTN	177	134	82	340	411	445
NHLH1	1	1	0	0	0	1
LOC105371466	6	9	4	7	19	10
VANGL2	129	106	62	547	521	186
LOC105371467	0	0	0	0	0	0
SLAMF6	17	9	1	16	9	53
LOC105371468	0	0	1	0	0	1
CD84	34	8	6	113	96	848
SLAMF1	10	5	5	10	5	24
LOC107985220	0	1	0	0	0	0
CD48	53	25	13	39	29	199
SLAMF7	145	68	129	72	39	226
LOC105371470	0	0	0	0	0	1
LY9	17	8	4	11	6	25
CD244	11	5	3	4	5	7
ITLN1	0	0	0	1	0	0
LOC101928372	1	1	0	1	1	0
ITLN2	0	3	0	1	0	0
F11R	1222	1311	1114	1609	3411	1606
TSTD1	155	121	98	70	64	54
USF1	161	100	79	292	451	282
ARHGAP30	26	29	16	36	50	123
NECTIN4	1566	1699	1260	618	1720	629
LOC105371471	3	3	6	2	6	1
KLHDC9	17	6	4	5	15	3
PFDN2	36	23	35	130	170	116
NIT1	35	33	23	74	108	66
DEDD	178	138	111	205	332	245
UFC1	403	425	377	259	493	262
LOC112543491	0	0	0	1	1	1
USP21	57	37	30	94	142	54
PPOX	64	25	36	29	51	28
B4GALT3	148	138	86	205	269	219
ADAMTS4	5	2	2	103	91	82
NDUFS2	251	199	112	321	593	337
FCER1G	7	5	10	91	98	393
APOA2	0	0	0	0	0	0
TOMM40L	46	32	18	66	87	76
MIR5187	0	2	0	0	0	0
NR1I3	0	0	0	1	0	0
PCP4L1	59	47	28	107	95	6
LOC105371472	0	0	0	0	2	3
LOC107985221	0	0	0	0	0	0
MPZ	2	1	2	5	5	1
SDHC	817	578	447	650	1492	560
CFAP126	36	24	12	22	84	32
TRV-CAC1-1	127	447	605	281	131	351
TRE-TTC4-2	82	98	214	40	21	68
TRN-GTT2-2	21	44	54	23	12	22
TRG-TCC4-1	1	2	2	2	0	1
TRD-GTC2-1	2337	3948	6556	2509	1284	4092
TRL-CAG1-1	23	104	216	70	26	299
TRG-GCC1-1	585	1512	1883	591	406	1199
TRE-CTC1-2	721	1173	2797	304	326	1174
TRG-TCC2-2	589	1648	2559	872	488	1613
TRD-GTC2-2	2327	4069	6584	2533	1234	4190
TRL-CAG1-2	25	99	220	88	30	286
TRG-GCC1-2	568	1497	1906	611	396	1229
TRE-CTC1-3	712	1188	2804	290	342	1165
TRG-TCC2-3	575	1617	2572	862	497	1644
TRD-GTC2-3	2361	3970	6527	2563	1237	4016
TRL-CAG1-3	22	95	238	77	23	278
TRG-GCC1-3	537	1508	1966	644	398	1208
TRE-CTC1-4	680	1177	2793	286	317	1139
TRG-TCC2-4	581	1666	2577	836	495	1593
TRD-GTC2-4	2330	4068	6459	2516	1258	4027
TRL-CAG1-4	23	89	217	81	21	293
TRG-GCC1-4	531	1517	1950	611	394	1200
TRE-CTC1-5	712	1193	2708	314	327	1141
TRG-TCC2-5	580	1659	2539	866	505	1624
TRD-GTC2-5	2403	4027	6513	2553	1280	4117
TRL-CAG1-5	24	106	239	75	27	298
TRG-GCC4-1	0	2	3	0	0	4
LOC105371473	0	0	0	0	0	1
FCGR2A	43	42	15	494	351	692
TRG-GCC2-1	0	0	0	0	0	0
HSPA6	3	133	43	35	10	39
TRL-CAG1-6	12	164	356	115	43	394
TRG-TCC2-6	758	1497	2179	796	462	1350
TRN-GTT1-1	5	22	23	8	5	9
FCGR3A	3	3	2	290	160	902
FCGR2C	55	55	21	269	173	420
HSPA7	4	77	34	31	13	30
TRL-CAA6-1	0	0	0	1	0	0
FCGR3B	2	3	0	120	84	434
FCGR2B	71	62	23	148	99	231
RPL31P11	4	12	3	12	11	3
FCRLA	1	0	0	0	3	0
FCRLB	2	4	0	4	2	7
DUSP12	19	12	8	65	110	42
LOC102724329	0	2	0	3	2	0
ATF6	250	222	132	390	643	391
OLFML2B	3	5	0	105	136	267
NOS1AP	0	1	0	27	31	22
LOC105371475	0	1	1	15	20	6
MIR4654	0	0	0	0	0	0
MIR556	0	0	0	0	0	0
SPATA46	0	5	1	0	1	3
C1orf226	29	43	18	49	303	161
SH2D1B	5	21	6	2	11	2
LOC105373471	9	13	6	0	9	1
LOC105371497	0	0	0	0	0	0
UHMK1	400	438	202	1325	2414	1870
LOC102724358	0	0	0	0	0	0
UAP1	55	86	74	150	195	116
DDR2	35	26	8	523	621	546
HSD17B7	68	57	32	104	131	72
CCDC190	6	12	6	107	720	57
LOC107985223	0	2	0	0	0	0
RGS4	2	1	2	83	61	104
RGS5	77	98	67	195	364	404
LOC101928404	0	0	0	0	0	0
NUF2	4	4	3	35	92	64
LOC100422212	0	0	0	0	0	0
PBX1	663	448	251	277	960	265
LOC100505795	0	0	0	1	1	0
LOC107985451	0	0	0	0	0	0
LOC107985452	0	0	0	0	0	0
LMX1A	0	0	0	0	0	0
LOC105371561	0	0	0	0	0	0
LOC102725140	0	0	0	0	2	0
RXRG	2	0	0	0	0	7
LRRC52-AS1	7	6	7	14	19	10
LRRC52	0	0	0	0	0	0
MGST3	255	249	180	174	610	336
ALDH9A1	1972	1270	1182	325	439	361
LOC440700	1	0	0	0	0	1
LOC105371581	0	0	0	0	0	0
TMCO1	594	495	267	577	1117	445
TMCO1-AS1	0	1	0	2	5	2
UCK2	260	179	125	295	719	245
MIR3658	0	0	0	0	0	0
FAM78B	3	1	1	7	6	9
LOC105371586	1	0	1	0	2	3
MIR921	0	0	0	0	0	0
LOC112268276	0	0	1	3	1	4
LINC01675	0	0	0	0	0	0
FMO9P	102	66	25	2	5	5
POGK	297	223	106	515	771	374
TADA1	87	51	43	110	224	69
ILDR2	0	0	0	21	4	7
MAEL	0	0	0	1	1	1
LOC105371600	0	0	0	0	0	0
GPA33	0	0	0	4	2	1
LOC105371598	0	0	0	0	0	0
DUSP27	0	0	0	0	0	0
LOC105371601	0	0	0	0	0	0
LINC01363	0	0	0	0	0	0
POU2F1	125	138	67	425	664	342
CD247	20	13	5	19	7	29
LOC101928512	6	2	5	3	1	1
LOC107985224	4	5	0	5	5	2
CREG1	1642	933	791	2362	1847	1289
RCSD1	42	17	20	39	61	214
TRP-CGG1-1	5	16	33	12	7	39
TRP-AGG2-1	1	10	10	6	6	11
MPZL1	265	237	130	608	826	523
ADCY10	0	0	0	36	4	4
MPC2	219	135	67	315	376	249
DCAF6	119	59	36	347	491	325
MIR1255B2	0	0	0	1	0	0
GPR161	15	16	6	330	186	60
TIPRL	426	281	224	439	646	306
SFT2D2	612	672	582	661	1121	989
ANKRD36BP1	0	0	0	0	0	0
TBX19	15	30	16	13	6	10
MIR557	0	0	0	0	0	0
LOC100505918	0	0	0	7	5	3
LOC101928565	0	0	0	0	1	0
XCL2	5	3	3	9	6	8
XCL1	11	3	1	24	13	15
LOC105371604	0	0	0	0	0	0
DPT	30	16	7	26	7	196
LINC00626	0	0	0	6	0	1
LOC105371606	4	0	1	0	4	0
LINC00970	3	0	0	2	1	0
LOC101928596	0	0	0	0	0	0
ATP1B1	2386	2902	2346	1242	1509	1235
NME7	52	31	21	62	52	71
BLZF1	321	538	444	214	481	238
LOC105371605	1	0	0	2	0	0
CCDC181	3	1	1	1	1	1
SLC19A2	175	85	93	264	158	76
F5	0	0	0	5	9	17
SELP	17	8	2	3	17	30
LOC107985745	0	0	1	0	1	2
SELL	4	5	4	23	30	69
SELE	27	16	10	48	361	168
LOC101928628	0	0	0	0	0	0
METTL18	34	24	11	44	121	32
C1orf112	14	17	5	48	169	65
SCYL3	37	30	24	43	62	34
KIFAP3	41	24	22	99	65	88
LOC105371608	0	0	0	6	3	3
METTL11B	0	0	0	3	5	7
MIR3119-2	0	0	0	0	0	0
MIR3119-1	0	0	0	0	0	0
LINC01681	0	0	0	0	0	0
LINC01142	0	0	1	1	0	1
GORAB-AS1	0	0	0	4	3	6
GORAB	19	22	11	79	119	66
LOC105371610	0	0	0	0	0	0
PRRX1	21	24	15	659	605	965
MROH9	4	4	1	3	2	5
FMO3	15	8	21	43	11	22
MIR1295A	0	0	0	0	0	0
MIR1295B	0	0	0	0	0	0
LOC105371611	19	15	7	5	3	5
FMO6P	1	1	2	15	0	2
FMO2	1104	2293	1837	118	33	55
FMO1	11	28	4	41	22	173
FMO4	20	19	3	24	18	40
TOP1P1	0	7	2	11	14	35
PRRC2C	308	471	151	1406	1822	1745
MYOCOS	0	0	0	0	0	0
MYOC	1	0	0	1	5	2
VAMP4	167	120	76	223	230	184
LOC105371614	0	0	0	0	0	0
EEF1AKNMT	69	45	29	131	225	176
DNM3	17	15	3	48	30	44
DNM3-IT1	0	0	0	0	0	0
DNM3OS	4	3	0	50	65	71
MIR214	0	0	0	0	0	0
MIR3120	0	0	0	0	0	0
MIR199A2	0	0	0	0	0	0
LOC102724528	1	0	0	1	2	1
C1orf105	0	0	0	3	3	0
PIGC	126	77	46	154	228	126
SUCO	278	256	86	330	308	292
FASLG	8	2	2	5	1	7
LOC107985225	0	0	0	0	2	0
LOC105371618	0	3	0	1	3	0
TNFSF18	2	3	1	0	649	7
TNFSF4	13	8	6	80	94	76
LOC100506023	4	1	2	6	8	4
LOC107985227	0	0	0	1	5	1
LOC101928673	0	0	0	0	0	0
PRDX6	2074	1713	1944	1278	2170	505
SLC9C2	0	0	0	1	0	0
TEX50	0	0	0	1	0	0
ANKRD45	3	0	1	37	1	4
LOC105371619	0	0	0	0	0	0
KLHL20	26	15	11	49	95	62
CENPL	19	16	17	119	225	123
DARS2	51	49	23	145	462	416
GAS5-AS1	1	3	0	4	14	11
GAS5	605	414	390	760	1224	318
SNORD81	10	11	14	28	17	24
SNORD47	55	223	596	530	178	1167
SNORD80	9	23	38	57	56	81
SNORD79	7	31	77	99	51	149
SNORD78	1	4	7	10	4	19
SNORD44	10	17	93	63	41	241
SNORA103	1	0	1	4	10	2
SNORD77	6	9	4	5	26	4
SNORD76	69	156	322	387	224	888
SNORD75	3	7	8	7	14	11
SNORD74	7	9	19	14	15	34
ZBTB37	51	50	16	198	229	200
SERPINC1	2	1	0	0	2	1
RC3H1	613	513	351	771	1295	738
LOC105371620	1	1	0	0	0	0
LOC102724601	0	0	0	0	0	0
RABGAP1L	96	88	54	175	257	112
GPR52	3	0	1	2	4	0
LOC101928696	1	0	0	2	1	1
LOC105371622	0	2	0	1	7	4
CACYBP	233	310	240	579	1088	407
MRPS14	103	77	54	184	300	134
TNN	0	0	1	2	1	4
KIAA0040	15	6	8	208	101	162
TNR	0	0	0	0	1	0
LOC105371623	0	0	0	0	0	0
LOC107985228	0	0	0	5	2	1
LINC01657	0	0	0	0	0	0
COP1	69	78	47	231	258	194
SCARNA3	0	0	0	0	0	0
PAPPA2	2	0	0	72	6	1
ASTN1	0	0	0	2	3	0
MIR488	0	0	0	0	0	0
BRINP2	0	0	0	0	0	0
LOC105371625	0	0	0	0	0	0
LINC01645	0	0	0	0	0	0
LINC01741	0	0	0	0	0	0
CRYZL2P-SEC16B	0	0	0	0	0	0
SEC16B	0	0	0	1	0	0
CRYZL2P	50	27	18	37	127	46
RASAL2-AS1	12	13	46	7	19	6
RASAL2	804	877	823	653	1093	756
LOC105371630	2	13	8	11	20	10
LOC105371629	45	53	52	24	36	14
LOC101928866	0	0	0	0	0	0
TEX35	0	0	0	1	0	0
LOC105371631	0	0	0	0	0	0
C1orf220	1	1	0	4	4	5
LOC105371632	0	0	0	3	2	1
MIR4424	0	0	0	0	0	0
LOC646976	3	4	6	2	11	4
RALGPS2	392	415	246	415	400	182
ANGPTL1	23	17	8	9	26	26
LOC102724754	0	0	0	0	1	2
FAM20B	568	362	239	1158	2086	749
TOR3A	114	71	40	362	503	372
ABL2	81	49	39	584	799	609
SOAT1	25	26	16	444	653	552
AXDND1	1	2	0	2	11	0
NPHS2	0	0	0	0	0	0
TDRD5	7	5	2	143	11	57
LOC105371635	0	0	0	0	0	0
FAM163A	0	0	0	1	2	1
LOC105371634	0	0	0	0	0	0
LOC107985229	0	1	0	1	1	1
TOR1AIP2	1327	1710	1260	1134	2062	979
TOR1AIP1	451	313	208	626	922	544
LOC101928933	0	1	1	3	1	1
CEP350	165	219	81	632	848	793
LOC105371636	2	0	1	1	0	0
QSOX1	1089	1217	1748	473	447	418
LHX4	0	5	4	6	4	5
ACBD6	18	16	7	60	53	40
LHX4-AS1	0	0	0	0	0	0
LOC105371637	2	1	0	11	6	2
MIR3121	0	0	0	0	0	0
OVAAL	0	0	0	0	0	0
XPR1	242	110	56	1795	1780	887
LOC107985230	0	1	0	6	14	4
LOC105371638	0	0	0	1	2	0
KIAA1614	11	3	5	20	29	19
LOC107985231	0	0	0	1	0	0
KIAA1614-AS1	0	0	0	0	0	0
STX6	335	286	182	448	1088	505
MR1	205	167	111	202	511	445
IER5	112	210	150	70	166	109
LINC01732	0	1	0	0	1	0
LINC01699	0	0	0	0	0	0
LOC107985454	0	0	0	0	0	0
CACNA1E	0	0	0	0	5	2
LOC107985232	0	0	0	0	0	0
LOC105371640	0	0	0	0	0	0
ZNF648	0	0	0	1	1	0
LOC105371642	0	0	0	0	0	0
LOC107985233	0	0	1	0	12	0
LINC01344	0	0	0	0	0	0
GLUL	1761	5650	5267	2369	5308	4237
TEDDM1	0	2	0	3	1	1
LINC00272	0	0	0	0	1	0
RGSL1	0	1	0	0	0	2
RNASEL	45	21	6	46	125	101
RGS16	12	7	12	176	93	142
LINC01686	0	0	1	4	1	5
RGS8	0	0	0	4	0	1
LINC01688	0	0	0	0	0	0
NPL	24	12	13	168	306	127
LOC647070	2	1	0	16	10	9
DHX9	701	629	341	2216	3601	2217
SHCBP1L	0	0	0	0	0	0
LAMC1	81	54	22	1093	1271	940
LAMC1-AS1	2	0	0	2	7	0
LAMC2	58	60	36	3110	3060	5792
NMNAT2	0	0	0	4	5	7
LOC105371646	0	0	0	0	0	0
SMG7-AS1	0	5	4	3	6	3
SMG7	199	320	260	785	1119	797
NCF2	22	13	21	124	187	494
LOC107985235	0	0	0	0	0	0
ARPC5	638	497	363	848	1313	991
RGL1	62	54	21	142	223	174
APOBEC4	0	0	0	2	0	1
COLGALT2	5	0	0	118	22	24
TSEN15	159	105	81	458	529	296
LOC102724830	0	0	0	1	1	0
C1orf21	216	102	77	107	188	43
LOC102724857	2	3	0	1	2	0
LOC107985236	0	1	0	7	2	0
LOC105371648	0	0	0	0	3	0
EDEM3	204	243	94	590	1063	550
LOC105371649	0	0	0	1	2	0
FAM129A	162	114	57	460	540	269
LOC107985238	0	0	0	1	2	1
LINC01633	0	0	0	8	0	1
RNF2	153	109	70	517	736	273
TRMT1L	68	49	34	76	193	103
SWT1	42	36	20	109	137	87
LOC105371651	0	0	0	1	1	0
IVNS1ABP	259	217	134	1136	930	596
GS1-279B7.1	0	0	0	0	0	0
LOC107985455	0	0	0	0	0	0
LOC107985239	0	0	0	0	0	0
LINC01350	0	0	0	0	0	0
GS1-204I12.4	0	0	0	0	0	0
HMCN1	23	30	6	220	372	323
LOC105371654	0	0	0	1	0	10
PRG4	0	1	0	0	6	3
TPR	148	134	69	798	966	842
ODR4	92	56	39	162	279	102
OCLM	0	0	0	2	3	4
LOC102724919	0	0	0	0	1	1
PDC	0	1	0	0	4	1
PTGS2	76	31	12	352	862	36
PACERR	0	1	0	2	2	2
PLA2G4A	280	131	110	506	1355	44
LINC01036	0	0	0	3	0	0
LOC105371655	0	0	0	2	1	0
LINC01037	0	0	0	5	0	0
LOC105371656	0	0	0	9	0	0
LOC105371657	1	6	0	4	5	0
LINC01701	1	0	1	0	0	0
BRINP3	1	0	0	2	3	4
LOC105371659	0	0	0	0	0	1
LOC105371658	0	0	0	0	0	0
LINC01351	0	0	0	0	0	0
LINC01720	0	0	0	0	1	0
LINC01680	0	0	0	0	0	0
LOC107985457	0	0	0	0	0	0
LOC105371661	0	0	0	0	0	0
RGS18	8	6	2	9	25	39
LOC105371662	0	0	0	0	0	0
RGS21	0	0	0	0	0	0
LOC105371664	0	0	0	10	0	1
RGS1	113	120	43	137	175	625
LOC107985241	1	0	0	0	0	2
RGS13	2	5	0	3	4	3
MIR4426	22	18	8	55	63	16
LOC105371665	1	4	8	0	0	0
RGS2	108	40	45	154	251	114
LOC105371668	0	0	0	2	0	0
LOC105371667	0	0	0	0	1	0
LINC01032	0	0	0	0	0	0
UCHL5	253	227	155	207	553	168
